INSERT INTO ingenio.ingenio.stockfabricap(codigo, descripcion) VALUES (1, 'PLANTILLA');
INSERT INTO ingenio.ingenio.stockfabricapdetalle1("id", modificable, orden, valor, indicador_id, stockfabricap_codigo, unidad_id) VALUES ('ff80808173feaddb0173feafbbec0000', 'f', 1, 3.050, '02', 1, '11');
INSERT INTO ingenio.ingenio.stockfabricapdetalle1("id", modificable, orden, valor, indicador_id, stockfabricap_codigo, unidad_id) VALUES ('ff80808173feaddb0173feb0065b0001', 'f', 2, 5.650, '03', 1, '11');
INSERT INTO ingenio.ingenio.stockfabricapdetalle1("id", modificable, orden, valor, indicador_id, stockfabricap_codigo, unidad_id) VALUES ('ff80808173feaddb0173feb04ac30002', 'f', 3, 2.330, '04', 1, '11');
INSERT INTO ingenio.ingenio.stockfabricapdetalle1("id", modificable, orden, valor, indicador_id, stockfabricap_codigo, unidad_id) VALUES ('ff80808173feaddb0173feb182060004', 'f', 5, null, '15', 1, null);
INSERT INTO ingenio.ingenio.stockfabricapdetalle1("id", modificable, orden, valor, indicador_id, stockfabricap_codigo, unidad_id) VALUES ('ff80808173feaddb0173feb1b27e0005', 'f', 6, null, '16', 1, '05');
INSERT INTO ingenio.ingenio.stockfabricapdetalle1("id", modificable, orden, valor, indicador_id, stockfabricap_codigo, unidad_id) VALUES ('ff80808173feaddb0173feb277650007', 'f', 9, null, '01', 1, '07');
INSERT INTO ingenio.ingenio.stockfabricapdetalle1("id", modificable, orden, valor, indicador_id, stockfabricap_codigo, unidad_id) VALUES ('ff80808173feaddb0173feb21a850006', 'f', 7, null, '20', 1, null);
INSERT INTO ingenio.ingenio.stockfabricapdetalle1("id", modificable, orden, valor, indicador_id, stockfabricap_codigo, unidad_id) VALUES ('ff80808173fe9dff0173fe9fac590000', 't', 8, null, '21', 1, null);
INSERT INTO ingenio.ingenio.stockfabricapdetalle1("id", modificable, orden, valor, indicador_id, stockfabricap_codigo, unidad_id) VALUES ('ff80808173feaddb0173feb0d17b0003', 'f', 4, null, '12', 1, '02');
INSERT INTO ingenio.ingenio.stockfabricapdetalle10("id", modificable, orden, valor, indicador_id, stockfabricap_codigo, unidad_id) VALUES ('ff808081741d2bd301741d2d806d0001', 'f', 2, 5.060, '03', 1, '11');
INSERT INTO ingenio.ingenio.stockfabricapdetalle10("id", modificable, orden, valor, indicador_id, stockfabricap_codigo, unidad_id) VALUES ('ff808081741d2bd301741d2dc0bf0002', 'f', 3, null, '12', 1, '02');
INSERT INTO ingenio.ingenio.stockfabricapdetalle10("id", modificable, orden, valor, indicador_id, stockfabricap_codigo, unidad_id) VALUES ('ff808081741d2bd301741d2de4fa0003', 'f', 4, null, '15', 1, null);
INSERT INTO ingenio.ingenio.stockfabricapdetalle10("id", modificable, orden, valor, indicador_id, stockfabricap_codigo, unidad_id) VALUES ('ff808081741d2bd301741d2e02ee0004', 'f', 5, null, '16', 1, '05');
INSERT INTO ingenio.ingenio.stockfabricapdetalle10("id", modificable, orden, valor, indicador_id, stockfabricap_codigo, unidad_id) VALUES ('ff808081741d2bd301741d31156d0005', 'f', 6, null, '30', 1, null);
INSERT INTO ingenio.ingenio.stockfabricapdetalle10("id", modificable, orden, valor, indicador_id, stockfabricap_codigo, unidad_id) VALUES ('ff808081741d2bd301741d313a6a0006', 't', 7, null, '21', 1, null);
INSERT INTO ingenio.ingenio.stockfabricapdetalle10("id", modificable, orden, valor, indicador_id, stockfabricap_codigo, unidad_id) VALUES ('ff808081741d2bd301741d2d365d0000', 'f', 1, 1.200, '05', 1, '11');
INSERT INTO ingenio.ingenio.stockfabricapdetalle10("id", modificable, orden, valor, indicador_id, stockfabricap_codigo, unidad_id) VALUES ('ff808081741d9c3401741da20acf0002', 'f', 8, null, '01', 1, '07');
INSERT INTO ingenio.ingenio.stockfabricapdetalle11("id", modificable, orden, valor, indicador_id, stockfabricap_codigo, unidad_id) VALUES ('ff808081741d2bd301741d2d806d0001', 'f', 2, 5.060, '03', 1, '11');
INSERT INTO ingenio.ingenio.stockfabricapdetalle11("id", modificable, orden, valor, indicador_id, stockfabricap_codigo, unidad_id) VALUES ('ff808081741d2bd301741d2dc0bf0002', 'f', 3, null, '12', 1, '02');
INSERT INTO ingenio.ingenio.stockfabricapdetalle11("id", modificable, orden, valor, indicador_id, stockfabricap_codigo, unidad_id) VALUES ('ff808081741d2bd301741d2de4fa0003', 'f', 4, null, '15', 1, null);
INSERT INTO ingenio.ingenio.stockfabricapdetalle11("id", modificable, orden, valor, indicador_id, stockfabricap_codigo, unidad_id) VALUES ('ff808081741d2bd301741d2e02ee0004', 'f', 5, null, '16', 1, '05');
INSERT INTO ingenio.ingenio.stockfabricapdetalle11("id", modificable, orden, valor, indicador_id, stockfabricap_codigo, unidad_id) VALUES ('ff808081741d2bd301741d31156d0005', 'f', 6, null, '30', 1, null);
INSERT INTO ingenio.ingenio.stockfabricapdetalle11("id", modificable, orden, valor, indicador_id, stockfabricap_codigo, unidad_id) VALUES ('ff808081741d2bd301741d313a6a0006', 't', 7, null, '21', 1, null);
INSERT INTO ingenio.ingenio.stockfabricapdetalle11("id", modificable, orden, valor, indicador_id, stockfabricap_codigo, unidad_id) VALUES ('ff808081741d2bd301741d2d365d0000', 'f', 1, 1.200, '05', 1, '11');
INSERT INTO ingenio.ingenio.stockfabricapdetalle11("id", modificable, orden, valor, indicador_id, stockfabricap_codigo, unidad_id) VALUES ('ff808081741d9c3401741da24a490003', 'f', 8, null, '01', 1, '07');
INSERT INTO ingenio.ingenio.stockfabricapdetalle12("id", modificable, orden, valor, indicador_id, stockfabricap_codigo, unidad_id) VALUES ('ff808081741d2bd301741d2d806d0001', 'f', 2, 5.060, '03', 1, '11');
INSERT INTO ingenio.ingenio.stockfabricapdetalle12("id", modificable, orden, valor, indicador_id, stockfabricap_codigo, unidad_id) VALUES ('ff808081741d2bd301741d2dc0bf0002', 'f', 3, null, '12', 1, '02');
INSERT INTO ingenio.ingenio.stockfabricapdetalle12("id", modificable, orden, valor, indicador_id, stockfabricap_codigo, unidad_id) VALUES ('ff808081741d2bd301741d2de4fa0003', 'f', 4, null, '15', 1, null);
INSERT INTO ingenio.ingenio.stockfabricapdetalle12("id", modificable, orden, valor, indicador_id, stockfabricap_codigo, unidad_id) VALUES ('ff808081741d2bd301741d2e02ee0004', 'f', 5, null, '16', 1, '05');
INSERT INTO ingenio.ingenio.stockfabricapdetalle12("id", modificable, orden, valor, indicador_id, stockfabricap_codigo, unidad_id) VALUES ('ff808081741d2bd301741d31156d0005', 'f', 6, null, '30', 1, null);
INSERT INTO ingenio.ingenio.stockfabricapdetalle12("id", modificable, orden, valor, indicador_id, stockfabricap_codigo, unidad_id) VALUES ('ff808081741d2bd301741d313a6a0006', 't', 7, null, '21', 1, null);
INSERT INTO ingenio.ingenio.stockfabricapdetalle12("id", modificable, orden, valor, indicador_id, stockfabricap_codigo, unidad_id) VALUES ('ff808081741d2bd301741d2d365d0000', 'f', 1, 1.200, '05', 1, '11');
INSERT INTO ingenio.ingenio.stockfabricapdetalle12("id", modificable, orden, valor, indicador_id, stockfabricap_codigo, unidad_id) VALUES ('ff808081741d9c3401741da27b430004', 'f', 8, null, '01', 1, '07');
INSERT INTO ingenio.ingenio.stockfabricapdetalle13("id", modificable, orden, valor, indicador_id, stockfabricap_codigo, unidad_id) VALUES ('ff808081741e7a2501741e7b87830000', 'f', 1, 4.100, '05', 1, '11');
INSERT INTO ingenio.ingenio.stockfabricapdetalle13("id", modificable, orden, valor, indicador_id, stockfabricap_codigo, unidad_id) VALUES ('ff808081741e7a2501741e7c00d90002', 'f', 3, null, '09', 1, '02');
INSERT INTO ingenio.ingenio.stockfabricapdetalle13("id", modificable, orden, valor, indicador_id, stockfabricap_codigo, unidad_id) VALUES ('ff808081741e7a2501741e7bbb690001', 't', 2, null, '02', 1, '11');
INSERT INTO ingenio.ingenio.stockfabricapdetalle13("id", modificable, orden, valor, indicador_id, stockfabricap_codigo, unidad_id) VALUES ('ff808081741e7a2501741e852b560003', 'f', 4, 1.149, '03', 1, '11');
INSERT INTO ingenio.ingenio.stockfabricapdetalle13("id", modificable, orden, valor, indicador_id, stockfabricap_codigo, unidad_id) VALUES ('ff808081741e971601741e9b4ff10000', 'f', 5, null, '31', 1, '02');
INSERT INTO ingenio.ingenio.stockfabricapdetalle13("id", modificable, orden, valor, indicador_id, stockfabricap_codigo, unidad_id) VALUES ('ff808081741e971601741e9c9cf40001', 'f', 6, 1.980, '06', 1, '11');
INSERT INTO ingenio.ingenio.stockfabricapdetalle13("id", modificable, orden, valor, indicador_id, stockfabricap_codigo, unidad_id) VALUES ('ff808081741e971601741e9d01540002', 'f', 7, 0.398, '04', 1, '11');
INSERT INTO ingenio.ingenio.stockfabricapdetalle13("id", modificable, orden, valor, indicador_id, stockfabricap_codigo, unidad_id) VALUES ('ff808081741e971601741e9d54ac0003', 'f', 8, null, '10', 1, '02');
INSERT INTO ingenio.ingenio.stockfabricapdetalle13("id", modificable, orden, valor, indicador_id, stockfabricap_codigo, unidad_id) VALUES ('ff808081741e971601741e9dc35c0004', 'f', 9, null, '14', 1, '02');
INSERT INTO ingenio.ingenio.stockfabricapdetalle13("id", modificable, orden, valor, indicador_id, stockfabricap_codigo, unidad_id) VALUES ('ff808081741e971601741e9e199b0005', 'f', 10, null, '15', 1, null);
INSERT INTO ingenio.ingenio.stockfabricapdetalle13("id", modificable, orden, valor, indicador_id, stockfabricap_codigo, unidad_id) VALUES ('ff808081741e971601741e9e3c7a0006', 'f', 11, null, '16', 1, '05');
INSERT INTO ingenio.ingenio.stockfabricapdetalle13("id", modificable, orden, valor, indicador_id, stockfabricap_codigo, unidad_id) VALUES ('ff808081741e971601741e9e79cc0007', 'f', 12, null, '29', 1, null);
INSERT INTO ingenio.ingenio.stockfabricapdetalle13("id", modificable, orden, valor, indicador_id, stockfabricap_codigo, unidad_id) VALUES ('ff808081741e971601741e9eac100008', 'f', 13, null, '01', 1, '07');
INSERT INTO ingenio.ingenio.stockfabricapdetalle14("id", modificable, orden, valor, indicador_id, stockfabricap_codigo, unidad_id) VALUES ('ff808081741e7a2501741e7c00d90002', 'f', 3, null, '09', 1, '02');
INSERT INTO ingenio.ingenio.stockfabricapdetalle14("id", modificable, orden, valor, indicador_id, stockfabricap_codigo, unidad_id) VALUES ('ff808081741e7a2501741e7bbb690001', 't', 2, null, '02', 1, '11');
INSERT INTO ingenio.ingenio.stockfabricapdetalle14("id", modificable, orden, valor, indicador_id, stockfabricap_codigo, unidad_id) VALUES ('ff808081741e971601741e9b4ff10000', 'f', 5, null, '31', 1, '02');
INSERT INTO ingenio.ingenio.stockfabricapdetalle14("id", modificable, orden, valor, indicador_id, stockfabricap_codigo, unidad_id) VALUES ('ff808081741e971601741e9d54ac0003', 'f', 8, null, '10', 1, '02');
INSERT INTO ingenio.ingenio.stockfabricapdetalle14("id", modificable, orden, valor, indicador_id, stockfabricap_codigo, unidad_id) VALUES ('ff808081741e971601741e9dc35c0004', 'f', 9, null, '14', 1, '02');
INSERT INTO ingenio.ingenio.stockfabricapdetalle14("id", modificable, orden, valor, indicador_id, stockfabricap_codigo, unidad_id) VALUES ('ff808081741e971601741e9e3c7a0006', 'f', 11, null, '16', 1, '05');
INSERT INTO ingenio.ingenio.stockfabricapdetalle14("id", modificable, orden, valor, indicador_id, stockfabricap_codigo, unidad_id) VALUES ('ff808081741e971601741e9e79cc0007', 'f', 12, null, '29', 1, null);
INSERT INTO ingenio.ingenio.stockfabricapdetalle14("id", modificable, orden, valor, indicador_id, stockfabricap_codigo, unidad_id) VALUES ('ff808081741e971601741e9eac100008', 'f', 13, null, '01', 1, '07');
INSERT INTO ingenio.ingenio.stockfabricapdetalle14("id", modificable, orden, valor, indicador_id, stockfabricap_codigo, unidad_id) VALUES ('ff808081741e7a2501741e7b87830000', 'f', 1, 3.900, '05', 1, '11');
INSERT INTO ingenio.ingenio.stockfabricapdetalle14("id", modificable, orden, valor, indicador_id, stockfabricap_codigo, unidad_id) VALUES ('ff808081741e7a2501741e852b560003', 'f', 4, 1.150, '03', 1, '11');
INSERT INTO ingenio.ingenio.stockfabricapdetalle14("id", modificable, orden, valor, indicador_id, stockfabricap_codigo, unidad_id) VALUES ('ff808081741e971601741e9c9cf40001', 'f', 6, 1.580, '06', 1, '11');
INSERT INTO ingenio.ingenio.stockfabricapdetalle14("id", modificable, orden, valor, indicador_id, stockfabricap_codigo, unidad_id) VALUES ('ff808081741e971601741e9d01540002', 'f', 7, 0.434, '04', 1, '11');
INSERT INTO ingenio.ingenio.stockfabricapdetalle14("id", modificable, orden, valor, indicador_id, stockfabricap_codigo, unidad_id) VALUES ('ff808081741e971601741e9e199b0005', 'f', 10, 25.000, '15', 1, null);
INSERT INTO ingenio.ingenio.stockfabricapdetalle15("id", modificable, orden, valor, indicador_id, stockfabricap_codigo, unidad_id) VALUES ('ff808081741e7a2501741e7c00d90002', 'f', 3, null, '09', 1, '02');
INSERT INTO ingenio.ingenio.stockfabricapdetalle15("id", modificable, orden, valor, indicador_id, stockfabricap_codigo, unidad_id) VALUES ('ff808081741e7a2501741e7bbb690001', 't', 2, null, '02', 1, '11');
INSERT INTO ingenio.ingenio.stockfabricapdetalle15("id", modificable, orden, valor, indicador_id, stockfabricap_codigo, unidad_id) VALUES ('ff808081741e971601741e9b4ff10000', 'f', 5, null, '31', 1, '02');
INSERT INTO ingenio.ingenio.stockfabricapdetalle15("id", modificable, orden, valor, indicador_id, stockfabricap_codigo, unidad_id) VALUES ('ff808081741e971601741e9d54ac0003', 'f', 8, null, '10', 1, '02');
INSERT INTO ingenio.ingenio.stockfabricapdetalle15("id", modificable, orden, valor, indicador_id, stockfabricap_codigo, unidad_id) VALUES ('ff808081741e971601741e9dc35c0004', 'f', 9, null, '14', 1, '02');
INSERT INTO ingenio.ingenio.stockfabricapdetalle15("id", modificable, orden, valor, indicador_id, stockfabricap_codigo, unidad_id) VALUES ('ff808081741e971601741e9e3c7a0006', 'f', 11, null, '16', 1, '05');
INSERT INTO ingenio.ingenio.stockfabricapdetalle15("id", modificable, orden, valor, indicador_id, stockfabricap_codigo, unidad_id) VALUES ('ff808081741e971601741e9e79cc0007', 'f', 12, null, '29', 1, null);
INSERT INTO ingenio.ingenio.stockfabricapdetalle15("id", modificable, orden, valor, indicador_id, stockfabricap_codigo, unidad_id) VALUES ('ff808081741e971601741e9eac100008', 'f', 13, null, '01', 1, '07');
INSERT INTO ingenio.ingenio.stockfabricapdetalle15("id", modificable, orden, valor, indicador_id, stockfabricap_codigo, unidad_id) VALUES ('ff808081741e7a2501741e7b87830000', 'f', 1, 2.400, '05', 1, '11');
INSERT INTO ingenio.ingenio.stockfabricapdetalle15("id", modificable, orden, valor, indicador_id, stockfabricap_codigo, unidad_id) VALUES ('ff808081741e7a2501741e852b560003', 'f', 4, 1.100, '03', 1, '11');
INSERT INTO ingenio.ingenio.stockfabricapdetalle15("id", modificable, orden, valor, indicador_id, stockfabricap_codigo, unidad_id) VALUES ('ff808081741e971601741e9c9cf40001', 'f', 6, 0.875, '06', 1, '11');
INSERT INTO ingenio.ingenio.stockfabricapdetalle15("id", modificable, orden, valor, indicador_id, stockfabricap_codigo, unidad_id) VALUES ('ff808081741e971601741e9d01540002', 'f', 7, 0.277, '04', 1, '11');
INSERT INTO ingenio.ingenio.stockfabricapdetalle15("id", modificable, orden, valor, indicador_id, stockfabricap_codigo, unidad_id) VALUES ('ff808081741e971601741e9e199b0005', 'f', 10, 36.000, '15', 1, null);
INSERT INTO ingenio.ingenio.stockfabricapdetalle16("id", modificable, orden, valor, indicador_id, stockfabricap_codigo, unidad_id) VALUES ('ff808081741e7a2501741e7c00d90002', 'f', 3, null, '09', 1, '02');
INSERT INTO ingenio.ingenio.stockfabricapdetalle16("id", modificable, orden, valor, indicador_id, stockfabricap_codigo, unidad_id) VALUES ('ff808081741e7a2501741e7bbb690001', 't', 2, null, '02', 1, '11');
INSERT INTO ingenio.ingenio.stockfabricapdetalle16("id", modificable, orden, valor, indicador_id, stockfabricap_codigo, unidad_id) VALUES ('ff808081741e971601741e9b4ff10000', 'f', 5, null, '31', 1, '02');
INSERT INTO ingenio.ingenio.stockfabricapdetalle16("id", modificable, orden, valor, indicador_id, stockfabricap_codigo, unidad_id) VALUES ('ff808081741e971601741e9d54ac0003', 'f', 8, null, '10', 1, '02');
INSERT INTO ingenio.ingenio.stockfabricapdetalle16("id", modificable, orden, valor, indicador_id, stockfabricap_codigo, unidad_id) VALUES ('ff808081741e971601741e9dc35c0004', 'f', 9, null, '14', 1, '02');
INSERT INTO ingenio.ingenio.stockfabricapdetalle16("id", modificable, orden, valor, indicador_id, stockfabricap_codigo, unidad_id) VALUES ('ff808081741e971601741e9e199b0005', 'f', 10, null, '15', 1, null);
INSERT INTO ingenio.ingenio.stockfabricapdetalle16("id", modificable, orden, valor, indicador_id, stockfabricap_codigo, unidad_id) VALUES ('ff808081741e971601741e9e3c7a0006', 'f', 11, null, '16', 1, '05');
INSERT INTO ingenio.ingenio.stockfabricapdetalle16("id", modificable, orden, valor, indicador_id, stockfabricap_codigo, unidad_id) VALUES ('ff808081741e971601741e9e79cc0007', 'f', 12, null, '29', 1, null);
INSERT INTO ingenio.ingenio.stockfabricapdetalle16("id", modificable, orden, valor, indicador_id, stockfabricap_codigo, unidad_id) VALUES ('ff808081741e971601741e9eac100008', 'f', 13, null, '01', 1, '07');
INSERT INTO ingenio.ingenio.stockfabricapdetalle16("id", modificable, orden, valor, indicador_id, stockfabricap_codigo, unidad_id) VALUES ('ff808081741e7a2501741e7b87830000', 'f', 1, 2.400, '05', 1, '11');
INSERT INTO ingenio.ingenio.stockfabricapdetalle16("id", modificable, orden, valor, indicador_id, stockfabricap_codigo, unidad_id) VALUES ('ff808081741e7a2501741e852b560003', 'f', 4, 1.100, '03', 1, '11');
INSERT INTO ingenio.ingenio.stockfabricapdetalle16("id", modificable, orden, valor, indicador_id, stockfabricap_codigo, unidad_id) VALUES ('ff808081741e971601741e9c9cf40001', 'f', 6, 0.875, '06', 1, '11');
INSERT INTO ingenio.ingenio.stockfabricapdetalle16("id", modificable, orden, valor, indicador_id, stockfabricap_codigo, unidad_id) VALUES ('ff808081741e971601741e9d01540002', 'f', 7, 0.277, '04', 1, '11');
INSERT INTO ingenio.ingenio.stockfabricapdetalle17("id", modificable, orden, valor, indicador_id, stockfabricap_codigo, unidad_id) VALUES ('ff808081741e7a2501741e7c00d90002', 'f', 3, null, '09', 1, '02');
INSERT INTO ingenio.ingenio.stockfabricapdetalle17("id", modificable, orden, valor, indicador_id, stockfabricap_codigo, unidad_id) VALUES ('ff808081741e7a2501741e7bbb690001', 't', 2, null, '02', 1, '11');
INSERT INTO ingenio.ingenio.stockfabricapdetalle17("id", modificable, orden, valor, indicador_id, stockfabricap_codigo, unidad_id) VALUES ('ff808081741e971601741e9b4ff10000', 'f', 5, null, '31', 1, '02');
INSERT INTO ingenio.ingenio.stockfabricapdetalle17("id", modificable, orden, valor, indicador_id, stockfabricap_codigo, unidad_id) VALUES ('ff808081741e971601741e9d54ac0003', 'f', 8, null, '10', 1, '02');
INSERT INTO ingenio.ingenio.stockfabricapdetalle17("id", modificable, orden, valor, indicador_id, stockfabricap_codigo, unidad_id) VALUES ('ff808081741e971601741e9dc35c0004', 'f', 9, null, '14', 1, '02');
INSERT INTO ingenio.ingenio.stockfabricapdetalle17("id", modificable, orden, valor, indicador_id, stockfabricap_codigo, unidad_id) VALUES ('ff808081741e971601741e9e199b0005', 'f', 10, null, '15', 1, null);
INSERT INTO ingenio.ingenio.stockfabricapdetalle17("id", modificable, orden, valor, indicador_id, stockfabricap_codigo, unidad_id) VALUES ('ff808081741e971601741e9e3c7a0006', 'f', 11, null, '16', 1, '05');
INSERT INTO ingenio.ingenio.stockfabricapdetalle17("id", modificable, orden, valor, indicador_id, stockfabricap_codigo, unidad_id) VALUES ('ff808081741e971601741e9e79cc0007', 'f', 12, null, '29', 1, null);
INSERT INTO ingenio.ingenio.stockfabricapdetalle17("id", modificable, orden, valor, indicador_id, stockfabricap_codigo, unidad_id) VALUES ('ff808081741e971601741e9eac100008', 'f', 13, null, '01', 1, '07');
INSERT INTO ingenio.ingenio.stockfabricapdetalle17("id", modificable, orden, valor, indicador_id, stockfabricap_codigo, unidad_id) VALUES ('ff808081741e7a2501741e7b87830000', 'f', 1, 2.400, '05', 1, '11');
INSERT INTO ingenio.ingenio.stockfabricapdetalle17("id", modificable, orden, valor, indicador_id, stockfabricap_codigo, unidad_id) VALUES ('ff808081741e971601741e9c9cf40001', 'f', 6, 0.875, '06', 1, '11');
INSERT INTO ingenio.ingenio.stockfabricapdetalle17("id", modificable, orden, valor, indicador_id, stockfabricap_codigo, unidad_id) VALUES ('ff808081741e7a2501741e852b560003', 'f', 4, 0.000, '03', 1, '11');
INSERT INTO ingenio.ingenio.stockfabricapdetalle17("id", modificable, orden, valor, indicador_id, stockfabricap_codigo, unidad_id) VALUES ('ff808081741e971601741e9d01540002', 'f', 7, 0.000, '04', 1, '11');
INSERT INTO ingenio.ingenio.stockfabricapdetalle18("id", modificable, orden, valor, indicador_id, stockfabricap_codigo, unidad_id) VALUES ('ff80808174262bd20174262ce8840000', 'f', 1, null, '14', 1, '02');
INSERT INTO ingenio.ingenio.stockfabricapdetalle18("id", modificable, orden, valor, indicador_id, stockfabricap_codigo, unidad_id) VALUES ('ff80808174262bd20174262d09330001', 'f', 2, null, '15', 1, null);
INSERT INTO ingenio.ingenio.stockfabricapdetalle18("id", modificable, orden, valor, indicador_id, stockfabricap_codigo, unidad_id) VALUES ('ff80808174262bd20174262d39990002', 'f', 3, null, '16', 1, '05');
INSERT INTO ingenio.ingenio.stockfabricapdetalle18("id", modificable, orden, valor, indicador_id, stockfabricap_codigo, unidad_id) VALUES ('ff80808174262bd20174263194730003', 'f', 4, null, '32', 1, null);
INSERT INTO ingenio.ingenio.stockfabricapdetalle18("id", modificable, orden, valor, indicador_id, stockfabricap_codigo, unidad_id) VALUES ('ff80808174262bd201742631ac6e0004', 't', 5, null, '21', 1, null);
INSERT INTO ingenio.ingenio.stockfabricapdetalle18("id", modificable, orden, valor, indicador_id, stockfabricap_codigo, unidad_id) VALUES ('ff80808174262bd201742631cf540005', 'f', 6, null, '01', 1, '07');
INSERT INTO ingenio.ingenio.stockfabricapdetalle19("id", modificable, orden, valor, indicador_id, stockfabricap_codigo, unidad_id) VALUES ('ff80808174272dc2017427581d3900b6', 'f', 1, null, '14', 1, '02');
INSERT INTO ingenio.ingenio.stockfabricapdetalle19("id", modificable, orden, valor, indicador_id, stockfabricap_codigo, unidad_id) VALUES ('ff80808174272dc20174275839e400b7', 'f', 2, null, '15', 1, null);
INSERT INTO ingenio.ingenio.stockfabricapdetalle19("id", modificable, orden, valor, indicador_id, stockfabricap_codigo, unidad_id) VALUES ('ff80808174272dc2017427585c1a00b8', 'f', 3, null, '16', 1, '05');
INSERT INTO ingenio.ingenio.stockfabricapdetalle19("id", modificable, orden, valor, indicador_id, stockfabricap_codigo, unidad_id) VALUES ('ff80808174272dc20174275b004400b9', 'f', 4, null, '34', 1, null);
INSERT INTO ingenio.ingenio.stockfabricapdetalle19("id", modificable, orden, valor, indicador_id, stockfabricap_codigo, unidad_id) VALUES ('ff80808174272dc20174275b3f5100bb', 'f', 6, null, '01', 1, '07');
INSERT INTO ingenio.ingenio.stockfabricapdetalle19("id", modificable, orden, valor, indicador_id, stockfabricap_codigo, unidad_id) VALUES ('ff80808174272dc20174275b182f00ba', 't', 5, null, '21', 1, null);
INSERT INTO ingenio.ingenio.stockfabricapdetalle2("id", modificable, orden, valor, indicador_id, stockfabricap_codigo, unidad_id) VALUES ('ff808081740516190174051702770000', 'f', 1, 4.000, '02', 1, '11');
INSERT INTO ingenio.ingenio.stockfabricapdetalle2("id", modificable, orden, valor, indicador_id, stockfabricap_codigo, unidad_id) VALUES ('ff808081740516190174051739320001', 'f', 2, 4.000, '03', 1, '11');
INSERT INTO ingenio.ingenio.stockfabricapdetalle2("id", modificable, orden, valor, indicador_id, stockfabricap_codigo, unidad_id) VALUES ('ff80808174051619017405179fc90002', 'f', 3, 3.100, '04', 1, '11');
INSERT INTO ingenio.ingenio.stockfabricapdetalle2("id", modificable, orden, valor, indicador_id, stockfabricap_codigo, unidad_id) VALUES ('ff80808174051619017405184bc70003', 'f', 4, null, '07', 1, '02');
INSERT INTO ingenio.ingenio.stockfabricapdetalle2("id", modificable, orden, valor, indicador_id, stockfabricap_codigo, unidad_id) VALUES ('ff8080817405161901740518ee7b0004', 'f', 5, 1.020, '05', 1, '11');
INSERT INTO ingenio.ingenio.stockfabricapdetalle2("id", modificable, orden, valor, indicador_id, stockfabricap_codigo, unidad_id) VALUES ('ff808081740516190174052557060005', 'f', 6, 8.000, '22', 1, '11');
INSERT INTO ingenio.ingenio.stockfabricapdetalle2("id", modificable, orden, valor, indicador_id, stockfabricap_codigo, unidad_id) VALUES ('ff8080817405161901740525d3c50006', 'f', 7, null, '08', 1, '02');
INSERT INTO ingenio.ingenio.stockfabricapdetalle2("id", modificable, orden, valor, indicador_id, stockfabricap_codigo, unidad_id) VALUES ('ff808081740516190174052f2da0000b', 'f', 14, null, '01', 1, '07');
INSERT INTO ingenio.ingenio.stockfabricapdetalle2("id", modificable, orden, valor, indicador_id, stockfabricap_codigo, unidad_id) VALUES ('ff808081740516190174052ee307000a', 't', 13, null, '25', 1, null);
INSERT INTO ingenio.ingenio.stockfabricapdetalle2("id", modificable, orden, valor, indicador_id, stockfabricap_codigo, unidad_id) VALUES ('ff808081740516190174052ed09b0009', 't', 12, null, '24', 1, null);
INSERT INTO ingenio.ingenio.stockfabricapdetalle2("id", modificable, orden, valor, indicador_id, stockfabricap_codigo, unidad_id) VALUES ('ff808081740516190174052c279c0008', 'f', 11, null, '23', 1, null);
INSERT INTO ingenio.ingenio.stockfabricapdetalle2("id", modificable, orden, valor, indicador_id, stockfabricap_codigo, unidad_id) VALUES ('ff80808174095cd90174096f4e370041', 'f', 9, null, '15', 1, null);
INSERT INTO ingenio.ingenio.stockfabricapdetalle2("id", modificable, orden, valor, indicador_id, stockfabricap_codigo, unidad_id) VALUES ('ff80808174095cd90174096f83960042', 'f', 10, null, '16', 1, '05');
INSERT INTO ingenio.ingenio.stockfabricapdetalle2("id", modificable, orden, valor, indicador_id, stockfabricap_codigo, unidad_id) VALUES ('ff808081740516190174052600f90007', 'f', 8, null, '12', 1, '02');
INSERT INTO ingenio.ingenio.stockfabricapdetalle20("id", modificable, orden, valor, indicador_id, stockfabricap_codigo, unidad_id) VALUES ('ff80808174272dc2017427581d3900b6', 'f', 1, null, '14', 1, '02');
INSERT INTO ingenio.ingenio.stockfabricapdetalle20("id", modificable, orden, valor, indicador_id, stockfabricap_codigo, unidad_id) VALUES ('ff80808174272dc20174275839e400b7', 'f', 2, null, '15', 1, null);
INSERT INTO ingenio.ingenio.stockfabricapdetalle20("id", modificable, orden, valor, indicador_id, stockfabricap_codigo, unidad_id) VALUES ('ff80808174272dc2017427585c1a00b8', 'f', 3, null, '16', 1, '05');
INSERT INTO ingenio.ingenio.stockfabricapdetalle20("id", modificable, orden, valor, indicador_id, stockfabricap_codigo, unidad_id) VALUES ('ff80808174272dc20174275b004400b9', 'f', 4, null, '34', 1, null);
INSERT INTO ingenio.ingenio.stockfabricapdetalle20("id", modificable, orden, valor, indicador_id, stockfabricap_codigo, unidad_id) VALUES ('ff80808174272dc20174275b3f5100bb', 'f', 6, null, '01', 1, '07');
INSERT INTO ingenio.ingenio.stockfabricapdetalle20("id", modificable, orden, valor, indicador_id, stockfabricap_codigo, unidad_id) VALUES ('ff80808174272dc20174275b182f00ba', 't', 5, null, '21', 1, null);
INSERT INTO ingenio.ingenio.stockfabricapdetalle21("id", modificable, orden, valor, indicador_id, stockfabricap_codigo, unidad_id) VALUES ('ff80808174272dc2017427581d3900b6', 'f', 1, null, '14', 1, '02');
INSERT INTO ingenio.ingenio.stockfabricapdetalle21("id", modificable, orden, valor, indicador_id, stockfabricap_codigo, unidad_id) VALUES ('ff80808174272dc20174275839e400b7', 'f', 2, null, '15', 1, null);
INSERT INTO ingenio.ingenio.stockfabricapdetalle21("id", modificable, orden, valor, indicador_id, stockfabricap_codigo, unidad_id) VALUES ('ff80808174272dc2017427585c1a00b8', 'f', 3, null, '16', 1, '05');
INSERT INTO ingenio.ingenio.stockfabricapdetalle21("id", modificable, orden, valor, indicador_id, stockfabricap_codigo, unidad_id) VALUES ('ff80808174272dc20174275b3f5100bb', 'f', 6, null, '01', 1, '07');
INSERT INTO ingenio.ingenio.stockfabricapdetalle21("id", modificable, orden, valor, indicador_id, stockfabricap_codigo, unidad_id) VALUES ('ff80808174272dc20174275b182f00ba', 't', 5, null, '21', 1, null);
INSERT INTO ingenio.ingenio.stockfabricapdetalle21("id", modificable, orden, valor, indicador_id, stockfabricap_codigo, unidad_id) VALUES ('ff80808174272dc20174275b004400b9', 'f', 4, null, '35', 1, null);
INSERT INTO ingenio.ingenio.stockfabricapdetalle22("id", modificable, orden, valor, indicador_id, stockfabricap_codigo, unidad_id) VALUES ('ff80808174272dc2017427581d3900b6', 'f', 1, null, '14', 1, '02');
INSERT INTO ingenio.ingenio.stockfabricapdetalle22("id", modificable, orden, valor, indicador_id, stockfabricap_codigo, unidad_id) VALUES ('ff80808174272dc20174275839e400b7', 'f', 2, null, '15', 1, null);
INSERT INTO ingenio.ingenio.stockfabricapdetalle22("id", modificable, orden, valor, indicador_id, stockfabricap_codigo, unidad_id) VALUES ('ff80808174272dc2017427585c1a00b8', 'f', 3, null, '16', 1, '05');
INSERT INTO ingenio.ingenio.stockfabricapdetalle22("id", modificable, orden, valor, indicador_id, stockfabricap_codigo, unidad_id) VALUES ('ff80808174272dc20174275b3f5100bb', 'f', 6, null, '01', 1, '07');
INSERT INTO ingenio.ingenio.stockfabricapdetalle22("id", modificable, orden, valor, indicador_id, stockfabricap_codigo, unidad_id) VALUES ('ff80808174272dc20174275b182f00ba', 't', 5, null, '21', 1, null);
INSERT INTO ingenio.ingenio.stockfabricapdetalle22("id", modificable, orden, valor, indicador_id, stockfabricap_codigo, unidad_id) VALUES ('ff80808174272dc20174275b004400b9', 'f', 4, null, '36', 1, null);
INSERT INTO ingenio.ingenio.stockfabricapdetalle23("id", modificable, orden, valor, indicador_id, stockfabricap_codigo, unidad_id) VALUES ('ff8080817428c1aa017428c396960000', 'f', 1, 906.880, '37', 1, '12');
INSERT INTO ingenio.ingenio.stockfabricapdetalle23("id", modificable, orden, valor, indicador_id, stockfabricap_codigo, unidad_id) VALUES ('ff8080817428c1aa017428c3c00f0001', 'f', 2, null, '12', 1, '02');
INSERT INTO ingenio.ingenio.stockfabricapdetalle23("id", modificable, orden, valor, indicador_id, stockfabricap_codigo, unidad_id) VALUES ('ff8080817428c1aa017428c3e09a0002', 'f', 3, null, '15', 1, null);
INSERT INTO ingenio.ingenio.stockfabricapdetalle23("id", modificable, orden, valor, indicador_id, stockfabricap_codigo, unidad_id) VALUES ('ff8080817428c1aa017428c40ce70003', 'f', 4, null, '16', 1, '05');
INSERT INTO ingenio.ingenio.stockfabricapdetalle23("id", modificable, orden, valor, indicador_id, stockfabricap_codigo, unidad_id) VALUES ('ff8080817428c1aa017428c448070004', 'f', 5, null, '33', 1, null);
INSERT INTO ingenio.ingenio.stockfabricapdetalle23("id", modificable, orden, valor, indicador_id, stockfabricap_codigo, unidad_id) VALUES ('ff8080817428c1aa017428c466e80005', 't', 6, null, '21', 1, null);
INSERT INTO ingenio.ingenio.stockfabricapdetalle23("id", modificable, orden, valor, indicador_id, stockfabricap_codigo, unidad_id) VALUES ('ff8080817428c1aa017428c5128d0006', 'f', 7, null, '01', 1, '07');
INSERT INTO ingenio.ingenio.stockfabricapdetalle24("id", modificable, orden, valor, indicador_id, stockfabricap_codigo, unidad_id) VALUES ('ff8080817428c1aa017428c396960000', 'f', 1, 906.880, '37', 1, '12');
INSERT INTO ingenio.ingenio.stockfabricapdetalle24("id", modificable, orden, valor, indicador_id, stockfabricap_codigo, unidad_id) VALUES ('ff8080817428c1aa017428c3c00f0001', 'f', 2, null, '12', 1, '02');
INSERT INTO ingenio.ingenio.stockfabricapdetalle24("id", modificable, orden, valor, indicador_id, stockfabricap_codigo, unidad_id) VALUES ('ff8080817428c1aa017428c3e09a0002', 'f', 3, null, '15', 1, null);
INSERT INTO ingenio.ingenio.stockfabricapdetalle24("id", modificable, orden, valor, indicador_id, stockfabricap_codigo, unidad_id) VALUES ('ff8080817428c1aa017428c40ce70003', 'f', 4, null, '16', 1, '05');
INSERT INTO ingenio.ingenio.stockfabricapdetalle24("id", modificable, orden, valor, indicador_id, stockfabricap_codigo, unidad_id) VALUES ('ff8080817428c1aa017428c448070004', 'f', 5, null, '33', 1, null);
INSERT INTO ingenio.ingenio.stockfabricapdetalle24("id", modificable, orden, valor, indicador_id, stockfabricap_codigo, unidad_id) VALUES ('ff8080817428c1aa017428c466e80005', 't', 6, null, '21', 1, null);
INSERT INTO ingenio.ingenio.stockfabricapdetalle24("id", modificable, orden, valor, indicador_id, stockfabricap_codigo, unidad_id) VALUES ('ff8080817428c1aa017428c5128d0006', 'f', 7, null, '01', 1, '07');
INSERT INTO ingenio.ingenio.stockfabricapdetalle25("id", modificable, orden, valor, indicador_id, stockfabricap_codigo, unidad_id) VALUES ('ff8080817428c1aa017428c396960000', 'f', 1, 906.880, '37', 1, '12');
INSERT INTO ingenio.ingenio.stockfabricapdetalle25("id", modificable, orden, valor, indicador_id, stockfabricap_codigo, unidad_id) VALUES ('ff8080817428c1aa017428c3c00f0001', 'f', 2, null, '12', 1, '02');
INSERT INTO ingenio.ingenio.stockfabricapdetalle25("id", modificable, orden, valor, indicador_id, stockfabricap_codigo, unidad_id) VALUES ('ff8080817428c1aa017428c3e09a0002', 'f', 3, null, '15', 1, null);
INSERT INTO ingenio.ingenio.stockfabricapdetalle25("id", modificable, orden, valor, indicador_id, stockfabricap_codigo, unidad_id) VALUES ('ff8080817428c1aa017428c40ce70003', 'f', 4, null, '16', 1, '05');
INSERT INTO ingenio.ingenio.stockfabricapdetalle25("id", modificable, orden, valor, indicador_id, stockfabricap_codigo, unidad_id) VALUES ('ff8080817428c1aa017428c448070004', 'f', 5, null, '33', 1, null);
INSERT INTO ingenio.ingenio.stockfabricapdetalle25("id", modificable, orden, valor, indicador_id, stockfabricap_codigo, unidad_id) VALUES ('ff8080817428c1aa017428c466e80005', 't', 6, null, '21', 1, null);
INSERT INTO ingenio.ingenio.stockfabricapdetalle25("id", modificable, orden, valor, indicador_id, stockfabricap_codigo, unidad_id) VALUES ('ff8080817428c1aa017428c5128d0006', 'f', 7, null, '01', 1, '07');
INSERT INTO ingenio.ingenio.stockfabricapdetalle26("id", modificable, orden, valor, indicador_id, stockfabricap_codigo, unidad_id) VALUES ('ff8080817428c1aa017428c396960000', 'f', 1, 906.880, '37', 1, '12');
INSERT INTO ingenio.ingenio.stockfabricapdetalle26("id", modificable, orden, valor, indicador_id, stockfabricap_codigo, unidad_id) VALUES ('ff8080817428c1aa017428c3c00f0001', 'f', 2, null, '12', 1, '02');
INSERT INTO ingenio.ingenio.stockfabricapdetalle26("id", modificable, orden, valor, indicador_id, stockfabricap_codigo, unidad_id) VALUES ('ff8080817428c1aa017428c3e09a0002', 'f', 3, null, '15', 1, null);
INSERT INTO ingenio.ingenio.stockfabricapdetalle26("id", modificable, orden, valor, indicador_id, stockfabricap_codigo, unidad_id) VALUES ('ff8080817428c1aa017428c40ce70003', 'f', 4, null, '16', 1, '05');
INSERT INTO ingenio.ingenio.stockfabricapdetalle26("id", modificable, orden, valor, indicador_id, stockfabricap_codigo, unidad_id) VALUES ('ff8080817428c1aa017428c448070004', 'f', 5, null, '33', 1, null);
INSERT INTO ingenio.ingenio.stockfabricapdetalle26("id", modificable, orden, valor, indicador_id, stockfabricap_codigo, unidad_id) VALUES ('ff8080817428c1aa017428c466e80005', 't', 6, null, '21', 1, null);
INSERT INTO ingenio.ingenio.stockfabricapdetalle26("id", modificable, orden, valor, indicador_id, stockfabricap_codigo, unidad_id) VALUES ('ff8080817428c1aa017428c5128d0006', 'f', 7, null, '01', 1, '07');
INSERT INTO ingenio.ingenio.stockfabricapdetalle27("id", modificable, orden, valor, indicador_id, stockfabricap_codigo, unidad_id) VALUES ('ff8080817428c1aa017428c396960000', 'f', 1, 906.880, '37', 1, '12');
INSERT INTO ingenio.ingenio.stockfabricapdetalle27("id", modificable, orden, valor, indicador_id, stockfabricap_codigo, unidad_id) VALUES ('ff8080817428c1aa017428c3c00f0001', 'f', 2, null, '12', 1, '02');
INSERT INTO ingenio.ingenio.stockfabricapdetalle27("id", modificable, orden, valor, indicador_id, stockfabricap_codigo, unidad_id) VALUES ('ff8080817428c1aa017428c3e09a0002', 'f', 3, null, '15', 1, null);
INSERT INTO ingenio.ingenio.stockfabricapdetalle27("id", modificable, orden, valor, indicador_id, stockfabricap_codigo, unidad_id) VALUES ('ff8080817428c1aa017428c40ce70003', 'f', 4, null, '16', 1, '05');
INSERT INTO ingenio.ingenio.stockfabricapdetalle27("id", modificable, orden, valor, indicador_id, stockfabricap_codigo, unidad_id) VALUES ('ff8080817428c1aa017428c448070004', 'f', 5, null, '33', 1, null);
INSERT INTO ingenio.ingenio.stockfabricapdetalle27("id", modificable, orden, valor, indicador_id, stockfabricap_codigo, unidad_id) VALUES ('ff8080817428c1aa017428c466e80005', 't', 6, null, '21', 1, null);
INSERT INTO ingenio.ingenio.stockfabricapdetalle27("id", modificable, orden, valor, indicador_id, stockfabricap_codigo, unidad_id) VALUES ('ff8080817428c1aa017428c5128d0006', 'f', 7, null, '01', 1, '07');
INSERT INTO ingenio.ingenio.stockfabricapdetalle28("id", modificable, orden, valor, indicador_id, stockfabricap_codigo, unidad_id) VALUES ('ff8080817428c1aa017428c396960000', 'f', 1, 906.880, '37', 1, '12');
INSERT INTO ingenio.ingenio.stockfabricapdetalle28("id", modificable, orden, valor, indicador_id, stockfabricap_codigo, unidad_id) VALUES ('ff8080817428c1aa017428c3c00f0001', 'f', 2, null, '12', 1, '02');
INSERT INTO ingenio.ingenio.stockfabricapdetalle28("id", modificable, orden, valor, indicador_id, stockfabricap_codigo, unidad_id) VALUES ('ff8080817428c1aa017428c3e09a0002', 'f', 3, null, '15', 1, null);
INSERT INTO ingenio.ingenio.stockfabricapdetalle28("id", modificable, orden, valor, indicador_id, stockfabricap_codigo, unidad_id) VALUES ('ff8080817428c1aa017428c40ce70003', 'f', 4, null, '16', 1, '05');
INSERT INTO ingenio.ingenio.stockfabricapdetalle28("id", modificable, orden, valor, indicador_id, stockfabricap_codigo, unidad_id) VALUES ('ff8080817428c1aa017428c448070004', 'f', 5, null, '33', 1, null);
INSERT INTO ingenio.ingenio.stockfabricapdetalle28("id", modificable, orden, valor, indicador_id, stockfabricap_codigo, unidad_id) VALUES ('ff8080817428c1aa017428c466e80005', 't', 6, null, '21', 1, null);
INSERT INTO ingenio.ingenio.stockfabricapdetalle28("id", modificable, orden, valor, indicador_id, stockfabricap_codigo, unidad_id) VALUES ('ff8080817428c1aa017428c5128d0006', 'f', 7, null, '01', 1, '07');
INSERT INTO ingenio.ingenio.stockfabricapdetalle29("id", modificable, orden, valor, indicador_id, stockfabricap_codigo, unidad_id) VALUES ('ff808081742c479b01742c49a5580000', 'f', 1, null, '14', 1, '02');
INSERT INTO ingenio.ingenio.stockfabricapdetalle29("id", modificable, orden, valor, indicador_id, stockfabricap_codigo, unidad_id) VALUES ('ff808081742c479b01742c49cb610001', 'f', 2, null, '15', 1, null);
INSERT INTO ingenio.ingenio.stockfabricapdetalle29("id", modificable, orden, valor, indicador_id, stockfabricap_codigo, unidad_id) VALUES ('ff808081742c479b01742c49ed9a0002', 'f', 3, null, '16', 1, '05');
INSERT INTO ingenio.ingenio.stockfabricapdetalle29("id", modificable, orden, valor, indicador_id, stockfabricap_codigo, unidad_id) VALUES ('ff808081742c479b01742c4a0f230003', 'f', 4, null, '38', 1, null);
INSERT INTO ingenio.ingenio.stockfabricapdetalle29("id", modificable, orden, valor, indicador_id, stockfabricap_codigo, unidad_id) VALUES ('ff808081742c479b01742c4a36e30004', 't', 5, null, '21', 1, null);
INSERT INTO ingenio.ingenio.stockfabricapdetalle29("id", modificable, orden, valor, indicador_id, stockfabricap_codigo, unidad_id) VALUES ('ff808081742c479b01742c4a5b9e0005', 'f', 6, null, '01', 1, '07');
INSERT INTO ingenio.ingenio.stockfabricapdetalle3("id", modificable, orden, valor, indicador_id, stockfabricap_codigo, unidad_id) VALUES ('ff808081740e9e6601740e9fcb880002', 'f', 3, null, '12', 1, '07');
INSERT INTO ingenio.ingenio.stockfabricapdetalle3("id", modificable, orden, valor, indicador_id, stockfabricap_codigo, unidad_id) VALUES ('ff808081740e9e6601740e9ff4e00003', 'f', 4, null, '15', 1, null);
INSERT INTO ingenio.ingenio.stockfabricapdetalle3("id", modificable, orden, valor, indicador_id, stockfabricap_codigo, unidad_id) VALUES ('ff808081740e9e6601740ea021e40004', 'f', 5, null, '16', 1, '05');
INSERT INTO ingenio.ingenio.stockfabricapdetalle3("id", modificable, orden, valor, indicador_id, stockfabricap_codigo, unidad_id) VALUES ('ff808081740eb19d01740ec62d430000', 'f', 6, null, '26', 1, null);
INSERT INTO ingenio.ingenio.stockfabricapdetalle3("id", modificable, orden, valor, indicador_id, stockfabricap_codigo, unidad_id) VALUES ('ff808081740eb19d01740ec6a70e0002', 'f', 8, null, '01', 1, '07');
INSERT INTO ingenio.ingenio.stockfabricapdetalle3("id", modificable, orden, valor, indicador_id, stockfabricap_codigo, unidad_id) VALUES ('ff808081740e9e6601740e9f58af0000', 'f', 1, 1.980, '05', 1, '11');
INSERT INTO ingenio.ingenio.stockfabricapdetalle3("id", modificable, orden, valor, indicador_id, stockfabricap_codigo, unidad_id) VALUES ('ff808081740e9e6601740e9f8ae70001', 'f', 2, 1.820, '03', 1, '11');
INSERT INTO ingenio.ingenio.stockfabricapdetalle3("id", modificable, orden, valor, indicador_id, stockfabricap_codigo, unidad_id) VALUES ('ff808081740eb19d01740ec64e7d0001', 't', 7, null, '21', 1, null);
INSERT INTO ingenio.ingenio.stockfabricapdetalle30("id", modificable, orden, valor, indicador_id, stockfabricap_codigo, unidad_id) VALUES ('ff808081742c479b01742c49a5580000', 'f', 1, null, '14', 1, '02');
INSERT INTO ingenio.ingenio.stockfabricapdetalle30("id", modificable, orden, valor, indicador_id, stockfabricap_codigo, unidad_id) VALUES ('ff808081742c479b01742c49cb610001', 'f', 2, null, '15', 1, null);
INSERT INTO ingenio.ingenio.stockfabricapdetalle30("id", modificable, orden, valor, indicador_id, stockfabricap_codigo, unidad_id) VALUES ('ff808081742c479b01742c49ed9a0002', 'f', 3, null, '16', 1, '05');
INSERT INTO ingenio.ingenio.stockfabricapdetalle30("id", modificable, orden, valor, indicador_id, stockfabricap_codigo, unidad_id) VALUES ('ff808081742c479b01742c4a0f230003', 'f', 4, null, '38', 1, null);
INSERT INTO ingenio.ingenio.stockfabricapdetalle30("id", modificable, orden, valor, indicador_id, stockfabricap_codigo, unidad_id) VALUES ('ff808081742c479b01742c4a36e30004', 't', 5, null, '21', 1, null);
INSERT INTO ingenio.ingenio.stockfabricapdetalle30("id", modificable, orden, valor, indicador_id, stockfabricap_codigo, unidad_id) VALUES ('ff808081742c479b01742c4a5b9e0005', 'f', 6, null, '01', 1, '07');
INSERT INTO ingenio.ingenio.stockfabricapdetalle31("id", modificable, orden, valor, indicador_id, stockfabricap_codigo, unidad_id) VALUES ('ff808081742c479b01742c49a5580000', 'f', 1, null, '14', 1, '02');
INSERT INTO ingenio.ingenio.stockfabricapdetalle31("id", modificable, orden, valor, indicador_id, stockfabricap_codigo, unidad_id) VALUES ('ff808081742c479b01742c49cb610001', 'f', 2, null, '15', 1, null);
INSERT INTO ingenio.ingenio.stockfabricapdetalle31("id", modificable, orden, valor, indicador_id, stockfabricap_codigo, unidad_id) VALUES ('ff808081742c479b01742c49ed9a0002', 'f', 3, null, '16', 1, '05');
INSERT INTO ingenio.ingenio.stockfabricapdetalle31("id", modificable, orden, valor, indicador_id, stockfabricap_codigo, unidad_id) VALUES ('ff808081742c479b01742c4a0f230003', 'f', 4, null, '38', 1, null);
INSERT INTO ingenio.ingenio.stockfabricapdetalle31("id", modificable, orden, valor, indicador_id, stockfabricap_codigo, unidad_id) VALUES ('ff808081742c479b01742c4a36e30004', 't', 5, null, '21', 1, null);
INSERT INTO ingenio.ingenio.stockfabricapdetalle31("id", modificable, orden, valor, indicador_id, stockfabricap_codigo, unidad_id) VALUES ('ff808081742c479b01742c4a5b9e0005', 'f', 6, null, '01', 1, '07');
INSERT INTO ingenio.ingenio.stockfabricapdetalle32("id", modificable, orden, valor, indicador_id, stockfabricap_codigo, unidad_id) VALUES ('ff808081742c479b01742c49a5580000', 'f', 1, null, '14', 1, '02');
INSERT INTO ingenio.ingenio.stockfabricapdetalle32("id", modificable, orden, valor, indicador_id, stockfabricap_codigo, unidad_id) VALUES ('ff808081742c479b01742c49cb610001', 'f', 2, null, '15', 1, null);
INSERT INTO ingenio.ingenio.stockfabricapdetalle32("id", modificable, orden, valor, indicador_id, stockfabricap_codigo, unidad_id) VALUES ('ff808081742c479b01742c49ed9a0002', 'f', 3, null, '16', 1, '05');
INSERT INTO ingenio.ingenio.stockfabricapdetalle32("id", modificable, orden, valor, indicador_id, stockfabricap_codigo, unidad_id) VALUES ('ff808081742c479b01742c4a36e30004', 't', 5, null, '21', 1, null);
INSERT INTO ingenio.ingenio.stockfabricapdetalle32("id", modificable, orden, valor, indicador_id, stockfabricap_codigo, unidad_id) VALUES ('ff808081742c479b01742c4a5b9e0005', 'f', 6, null, '01', 1, '07');
INSERT INTO ingenio.ingenio.stockfabricapdetalle32("id", modificable, orden, valor, indicador_id, stockfabricap_codigo, unidad_id) VALUES ('ff808081742c479b01742c4a0f230003', 'f', 4, null, '39', 1, null);
INSERT INTO ingenio.ingenio.stockfabricapdetalle33("id", modificable, orden, valor, indicador_id, stockfabricap_codigo, unidad_id) VALUES ('ff808081742c479b01742c49a5580000', 'f', 1, null, '14', 1, '02');
INSERT INTO ingenio.ingenio.stockfabricapdetalle33("id", modificable, orden, valor, indicador_id, stockfabricap_codigo, unidad_id) VALUES ('ff808081742c479b01742c49cb610001', 'f', 2, null, '15', 1, null);
INSERT INTO ingenio.ingenio.stockfabricapdetalle33("id", modificable, orden, valor, indicador_id, stockfabricap_codigo, unidad_id) VALUES ('ff808081742c479b01742c49ed9a0002', 'f', 3, null, '16', 1, '05');
INSERT INTO ingenio.ingenio.stockfabricapdetalle33("id", modificable, orden, valor, indicador_id, stockfabricap_codigo, unidad_id) VALUES ('ff808081742c479b01742c4a36e30004', 't', 5, null, '21', 1, null);
INSERT INTO ingenio.ingenio.stockfabricapdetalle33("id", modificable, orden, valor, indicador_id, stockfabricap_codigo, unidad_id) VALUES ('ff808081742c479b01742c4a5b9e0005', 'f', 6, null, '01', 1, '07');
INSERT INTO ingenio.ingenio.stockfabricapdetalle33("id", modificable, orden, valor, indicador_id, stockfabricap_codigo, unidad_id) VALUES ('ff808081742c479b01742c4a0f230003', 'f', 4, null, '39', 1, null);
INSERT INTO ingenio.ingenio.stockfabricapdetalle34("id", modificable, orden, valor, indicador_id, stockfabricap_codigo, unidad_id) VALUES ('ff808081742c479b01742c49a5580000', 'f', 1, null, '14', 1, '02');
INSERT INTO ingenio.ingenio.stockfabricapdetalle34("id", modificable, orden, valor, indicador_id, stockfabricap_codigo, unidad_id) VALUES ('ff808081742c479b01742c49cb610001', 'f', 2, null, '15', 1, null);
INSERT INTO ingenio.ingenio.stockfabricapdetalle34("id", modificable, orden, valor, indicador_id, stockfabricap_codigo, unidad_id) VALUES ('ff808081742c479b01742c49ed9a0002', 'f', 3, null, '16', 1, '05');
INSERT INTO ingenio.ingenio.stockfabricapdetalle34("id", modificable, orden, valor, indicador_id, stockfabricap_codigo, unidad_id) VALUES ('ff808081742c479b01742c4a36e30004', 't', 5, null, '21', 1, null);
INSERT INTO ingenio.ingenio.stockfabricapdetalle34("id", modificable, orden, valor, indicador_id, stockfabricap_codigo, unidad_id) VALUES ('ff808081742c479b01742c4a5b9e0005', 'f', 6, null, '01', 1, '07');
INSERT INTO ingenio.ingenio.stockfabricapdetalle34("id", modificable, orden, valor, indicador_id, stockfabricap_codigo, unidad_id) VALUES ('ff808081742c479b01742c4a0f230003', 'f', 4, null, '40', 1, null);
INSERT INTO ingenio.ingenio.stockfabricapdetalle35("id", modificable, orden, valor, indicador_id, stockfabricap_codigo, unidad_id) VALUES ('ff808081742c479b01742c49a5580000', 'f', 1, null, '14', 1, '02');
INSERT INTO ingenio.ingenio.stockfabricapdetalle35("id", modificable, orden, valor, indicador_id, stockfabricap_codigo, unidad_id) VALUES ('ff808081742c479b01742c49cb610001', 'f', 2, null, '15', 1, null);
INSERT INTO ingenio.ingenio.stockfabricapdetalle35("id", modificable, orden, valor, indicador_id, stockfabricap_codigo, unidad_id) VALUES ('ff808081742c479b01742c49ed9a0002', 'f', 3, null, '16', 1, '05');
INSERT INTO ingenio.ingenio.stockfabricapdetalle35("id", modificable, orden, valor, indicador_id, stockfabricap_codigo, unidad_id) VALUES ('ff808081742c479b01742c4a36e30004', 't', 5, null, '21', 1, null);
INSERT INTO ingenio.ingenio.stockfabricapdetalle35("id", modificable, orden, valor, indicador_id, stockfabricap_codigo, unidad_id) VALUES ('ff808081742c479b01742c4a5b9e0005', 'f', 6, null, '01', 1, '07');
INSERT INTO ingenio.ingenio.stockfabricapdetalle35("id", modificable, orden, valor, indicador_id, stockfabricap_codigo, unidad_id) VALUES ('ff808081742c479b01742c4a0f230003', 'f', 4, null, '40', 1, null);
INSERT INTO ingenio.ingenio.stockfabricapdetalle36("id", modificable, orden, valor, indicador_id, stockfabricap_codigo, unidad_id) VALUES ('ff808081742c479b01742c49a5580000', 'f', 1, null, '14', 1, '02');
INSERT INTO ingenio.ingenio.stockfabricapdetalle36("id", modificable, orden, valor, indicador_id, stockfabricap_codigo, unidad_id) VALUES ('ff808081742c479b01742c49cb610001', 'f', 2, null, '15', 1, null);
INSERT INTO ingenio.ingenio.stockfabricapdetalle36("id", modificable, orden, valor, indicador_id, stockfabricap_codigo, unidad_id) VALUES ('ff808081742c479b01742c49ed9a0002', 'f', 3, null, '16', 1, '05');
INSERT INTO ingenio.ingenio.stockfabricapdetalle36("id", modificable, orden, valor, indicador_id, stockfabricap_codigo, unidad_id) VALUES ('ff808081742c479b01742c4a36e30004', 't', 5, null, '21', 1, null);
INSERT INTO ingenio.ingenio.stockfabricapdetalle36("id", modificable, orden, valor, indicador_id, stockfabricap_codigo, unidad_id) VALUES ('ff808081742c479b01742c4a5b9e0005', 'f', 6, null, '01', 1, '07');
INSERT INTO ingenio.ingenio.stockfabricapdetalle36("id", modificable, orden, valor, indicador_id, stockfabricap_codigo, unidad_id) VALUES ('ff808081742c479b01742c4a0f230003', 'f', 4, null, '40', 1, null);
INSERT INTO ingenio.ingenio.stockfabricapdetalle37("id", modificable, orden, valor, indicador_id, stockfabricap_codigo, unidad_id) VALUES ('ff808081742c479b01742c49a5580000', 'f', 1, null, '14', 1, '02');
INSERT INTO ingenio.ingenio.stockfabricapdetalle37("id", modificable, orden, valor, indicador_id, stockfabricap_codigo, unidad_id) VALUES ('ff808081742c479b01742c49cb610001', 'f', 2, null, '15', 1, null);
INSERT INTO ingenio.ingenio.stockfabricapdetalle37("id", modificable, orden, valor, indicador_id, stockfabricap_codigo, unidad_id) VALUES ('ff808081742c479b01742c49ed9a0002', 'f', 3, null, '16', 1, '05');
INSERT INTO ingenio.ingenio.stockfabricapdetalle37("id", modificable, orden, valor, indicador_id, stockfabricap_codigo, unidad_id) VALUES ('ff808081742c479b01742c4a36e30004', 't', 5, null, '21', 1, null);
INSERT INTO ingenio.ingenio.stockfabricapdetalle37("id", modificable, orden, valor, indicador_id, stockfabricap_codigo, unidad_id) VALUES ('ff808081742c479b01742c4a5b9e0005', 'f', 6, null, '01', 1, '07');
INSERT INTO ingenio.ingenio.stockfabricapdetalle37("id", modificable, orden, valor, indicador_id, stockfabricap_codigo, unidad_id) VALUES ('ff808081742c479b01742c4a0f230003', 'f', 4, null, '40', 1, null);
INSERT INTO ingenio.ingenio.stockfabricapdetalle38("id", modificable, orden, valor, indicador_id, stockfabricap_codigo, unidad_id) VALUES ('ff808081742c479b01742c49a5580000', 'f', 1, null, '14', 1, '02');
INSERT INTO ingenio.ingenio.stockfabricapdetalle38("id", modificable, orden, valor, indicador_id, stockfabricap_codigo, unidad_id) VALUES ('ff808081742c479b01742c49cb610001', 'f', 2, null, '15', 1, null);
INSERT INTO ingenio.ingenio.stockfabricapdetalle38("id", modificable, orden, valor, indicador_id, stockfabricap_codigo, unidad_id) VALUES ('ff808081742c479b01742c49ed9a0002', 'f', 3, null, '16', 1, '05');
INSERT INTO ingenio.ingenio.stockfabricapdetalle38("id", modificable, orden, valor, indicador_id, stockfabricap_codigo, unidad_id) VALUES ('ff808081742c479b01742c4a36e30004', 't', 5, null, '21', 1, null);
INSERT INTO ingenio.ingenio.stockfabricapdetalle38("id", modificable, orden, valor, indicador_id, stockfabricap_codigo, unidad_id) VALUES ('ff808081742c479b01742c4a5b9e0005', 'f', 6, null, '01', 1, '07');
INSERT INTO ingenio.ingenio.stockfabricapdetalle38("id", modificable, orden, valor, indicador_id, stockfabricap_codigo, unidad_id) VALUES ('ff808081742c479b01742c4a0f230003', 'f', 4, null, '40', 1, null);
INSERT INTO ingenio.ingenio.stockfabricapdetalle39("id", modificable, orden, valor, indicador_id, stockfabricap_codigo, unidad_id) VALUES ('ff808081742c479b01742c49a5580000', 'f', 1, null, '14', 1, '02');
INSERT INTO ingenio.ingenio.stockfabricapdetalle39("id", modificable, orden, valor, indicador_id, stockfabricap_codigo, unidad_id) VALUES ('ff808081742c479b01742c49cb610001', 'f', 2, null, '15', 1, null);
INSERT INTO ingenio.ingenio.stockfabricapdetalle39("id", modificable, orden, valor, indicador_id, stockfabricap_codigo, unidad_id) VALUES ('ff808081742c479b01742c49ed9a0002', 'f', 3, null, '16', 1, '05');
INSERT INTO ingenio.ingenio.stockfabricapdetalle39("id", modificable, orden, valor, indicador_id, stockfabricap_codigo, unidad_id) VALUES ('ff808081742c479b01742c4a36e30004', 't', 5, null, '21', 1, null);
INSERT INTO ingenio.ingenio.stockfabricapdetalle39("id", modificable, orden, valor, indicador_id, stockfabricap_codigo, unidad_id) VALUES ('ff808081742c479b01742c4a5b9e0005', 'f', 6, null, '01', 1, '07');
INSERT INTO ingenio.ingenio.stockfabricapdetalle39("id", modificable, orden, valor, indicador_id, stockfabricap_codigo, unidad_id) VALUES ('ff808081742c479b01742c4a0f230003', 'f', 4, null, '40', 1, null);
INSERT INTO ingenio.ingenio.stockfabricapdetalle4("id", modificable, orden, valor, indicador_id, stockfabricap_codigo, unidad_id) VALUES ('ff808081740f7f4e01740f814ac60000', 'f', 1, 2.450, '02', 1, '11');
INSERT INTO ingenio.ingenio.stockfabricapdetalle4("id", modificable, orden, valor, indicador_id, stockfabricap_codigo, unidad_id) VALUES ('ff808081740f7f4e01740f81ee9d0002', 'f', 3, 1.500, '04', 1, '11');
INSERT INTO ingenio.ingenio.stockfabricapdetalle4("id", modificable, orden, valor, indicador_id, stockfabricap_codigo, unidad_id) VALUES ('ff808081740f7f4e01740f826c150003', 'f', 4, null, '12', 1, '02');
INSERT INTO ingenio.ingenio.stockfabricapdetalle4("id", modificable, orden, valor, indicador_id, stockfabricap_codigo, unidad_id) VALUES ('ff808081740f7f4e01740f82d8a10004', 'f', 5, null, '15', 1, null);
INSERT INTO ingenio.ingenio.stockfabricapdetalle4("id", modificable, orden, valor, indicador_id, stockfabricap_codigo, unidad_id) VALUES ('ff808081740f7f4e01740f83147c0005', 'f', 6, null, '16', 1, '05');
INSERT INTO ingenio.ingenio.stockfabricapdetalle4("id", modificable, orden, valor, indicador_id, stockfabricap_codigo, unidad_id) VALUES ('ff808081740f7f4e01740f872c9f0006', 'f', 7, null, '27', 1, null);
INSERT INTO ingenio.ingenio.stockfabricapdetalle4("id", modificable, orden, valor, indicador_id, stockfabricap_codigo, unidad_id) VALUES ('ff808081740f7f4e01740f8761f50007', 't', 8, null, '21', 1, null);
INSERT INTO ingenio.ingenio.stockfabricapdetalle4("id", modificable, orden, valor, indicador_id, stockfabricap_codigo, unidad_id) VALUES ('ff808081740f7f4e01740f89b38d0008', 'f', 9, null, '01', 1, '07');
INSERT INTO ingenio.ingenio.stockfabricapdetalle4("id", modificable, orden, valor, indicador_id, stockfabricap_codigo, unidad_id) VALUES ('ff808081740f7f4e01740f81953a0001', 'f', 2, 3.350, '03', 1, '11');
INSERT INTO ingenio.ingenio.stockfabricapdetalle40("id", modificable, orden, valor, indicador_id, stockfabricap_codigo, unidad_id) VALUES ('ff808081741d2bd301741d2dc0bf0002', 'f', 3, null, '12', 1, '02');
INSERT INTO ingenio.ingenio.stockfabricapdetalle40("id", modificable, orden, valor, indicador_id, stockfabricap_codigo, unidad_id) VALUES ('ff808081741d2bd301741d2de4fa0003', 'f', 4, null, '15', 1, null);
INSERT INTO ingenio.ingenio.stockfabricapdetalle40("id", modificable, orden, valor, indicador_id, stockfabricap_codigo, unidad_id) VALUES ('ff808081741d2bd301741d2e02ee0004', 'f', 5, null, '16', 1, '05');
INSERT INTO ingenio.ingenio.stockfabricapdetalle40("id", modificable, orden, valor, indicador_id, stockfabricap_codigo, unidad_id) VALUES ('ff808081741d2bd301741d313a6a0006', 't', 7, null, '21', 1, null);
INSERT INTO ingenio.ingenio.stockfabricapdetalle40("id", modificable, orden, valor, indicador_id, stockfabricap_codigo, unidad_id) VALUES ('ff808081741d9c3401741da138a50000', 'f', 8, null, '01', 1, '07');
INSERT INTO ingenio.ingenio.stockfabricapdetalle40("id", modificable, orden, valor, indicador_id, stockfabricap_codigo, unidad_id) VALUES ('ff808081741d2bd301741d2d365d0000', 'f', 1, 2.000, '05', 1, '11');
INSERT INTO ingenio.ingenio.stockfabricapdetalle40("id", modificable, orden, valor, indicador_id, stockfabricap_codigo, unidad_id) VALUES ('ff808081741d2bd301741d2d806d0001', 'f', 2, 5.000, '03', 1, '11');
INSERT INTO ingenio.ingenio.stockfabricapdetalle40("id", modificable, orden, valor, indicador_id, stockfabricap_codigo, unidad_id) VALUES ('ff808081741d2bd301741d31156d0005', 'f', 6, null, '41', 1, null);
INSERT INTO ingenio.ingenio.stockfabricapdetalle41("id", modificable, orden, valor, indicador_id, stockfabricap_codigo, unidad_id) VALUES ('ff808081741d2bd301741d2dc0bf0002', 'f', 3, null, '12', 1, '02');
INSERT INTO ingenio.ingenio.stockfabricapdetalle41("id", modificable, orden, valor, indicador_id, stockfabricap_codigo, unidad_id) VALUES ('ff808081741d2bd301741d313a6a0006', 't', 7, null, '21', 1, null);
INSERT INTO ingenio.ingenio.stockfabricapdetalle41("id", modificable, orden, valor, indicador_id, stockfabricap_codigo, unidad_id) VALUES ('ff808081741d9c3401741da138a50000', 'f', 8, null, '01', 1, '07');
INSERT INTO ingenio.ingenio.stockfabricapdetalle41("id", modificable, orden, valor, indicador_id, stockfabricap_codigo, unidad_id) VALUES ('ff808081741d2bd301741d2d365d0000', 'f', 1, 2.000, '05', 1, '11');
INSERT INTO ingenio.ingenio.stockfabricapdetalle41("id", modificable, orden, valor, indicador_id, stockfabricap_codigo, unidad_id) VALUES ('ff808081741d2bd301741d2d806d0001', 'f', 2, 5.000, '03', 1, '11');
INSERT INTO ingenio.ingenio.stockfabricapdetalle41("id", modificable, orden, valor, indicador_id, stockfabricap_codigo, unidad_id) VALUES ('ff808081741d2bd301741d31156d0005', 'f', 6, null, '42', 1, null);
INSERT INTO ingenio.ingenio.stockfabricapdetalle41("id", modificable, orden, valor, indicador_id, stockfabricap_codigo, unidad_id) VALUES ('ff808081741d2bd301741d2de4fa0003', 'f', 4, 96.000, '15', 1, null);
INSERT INTO ingenio.ingenio.stockfabricapdetalle41("id", modificable, orden, valor, indicador_id, stockfabricap_codigo, unidad_id) VALUES ('ff808081741d2bd301741d2e02ee0004', 'f', 5, 50.490, '16', 1, '05');
INSERT INTO ingenio.ingenio.stockfabricapdetalle42("id", modificable, orden, valor, indicador_id, stockfabricap_codigo, unidad_id) VALUES ('ff808081741d2bd301741d2dc0bf0002', 'f', 3, null, '12', 1, '02');
INSERT INTO ingenio.ingenio.stockfabricapdetalle42("id", modificable, orden, valor, indicador_id, stockfabricap_codigo, unidad_id) VALUES ('ff808081741d2bd301741d313a6a0006', 't', 7, null, '21', 1, null);
INSERT INTO ingenio.ingenio.stockfabricapdetalle42("id", modificable, orden, valor, indicador_id, stockfabricap_codigo, unidad_id) VALUES ('ff808081741d9c3401741da138a50000', 'f', 8, null, '01', 1, '07');
INSERT INTO ingenio.ingenio.stockfabricapdetalle42("id", modificable, orden, valor, indicador_id, stockfabricap_codigo, unidad_id) VALUES ('ff808081741d2bd301741d2d365d0000', 'f', 1, 2.000, '05', 1, '11');
INSERT INTO ingenio.ingenio.stockfabricapdetalle42("id", modificable, orden, valor, indicador_id, stockfabricap_codigo, unidad_id) VALUES ('ff808081741d2bd301741d2d806d0001', 'f', 2, 5.000, '03', 1, '11');
INSERT INTO ingenio.ingenio.stockfabricapdetalle42("id", modificable, orden, valor, indicador_id, stockfabricap_codigo, unidad_id) VALUES ('ff808081741d2bd301741d31156d0005', 'f', 6, null, '43', 1, null);
INSERT INTO ingenio.ingenio.stockfabricapdetalle42("id", modificable, orden, valor, indicador_id, stockfabricap_codigo, unidad_id) VALUES ('ff808081741d2bd301741d2de4fa0003', 'f', 4, 91.510, '15', 1, null);
INSERT INTO ingenio.ingenio.stockfabricapdetalle42("id", modificable, orden, valor, indicador_id, stockfabricap_codigo, unidad_id) VALUES ('ff808081741d2bd301741d2e02ee0004', 'f', 5, 78.340, '16', 1, '05');
INSERT INTO ingenio.ingenio.stockfabricapdetalle43("id", modificable, orden, valor, indicador_id, stockfabricap_codigo, unidad_id) VALUES ('ff808081741d2bd301741d2dc0bf0002', 'f', 3, null, '12', 1, '02');
INSERT INTO ingenio.ingenio.stockfabricapdetalle43("id", modificable, orden, valor, indicador_id, stockfabricap_codigo, unidad_id) VALUES ('ff808081741d2bd301741d313a6a0006', 't', 7, null, '21', 1, null);
INSERT INTO ingenio.ingenio.stockfabricapdetalle43("id", modificable, orden, valor, indicador_id, stockfabricap_codigo, unidad_id) VALUES ('ff808081741d9c3401741da138a50000', 'f', 8, null, '01', 1, '07');
INSERT INTO ingenio.ingenio.stockfabricapdetalle43("id", modificable, orden, valor, indicador_id, stockfabricap_codigo, unidad_id) VALUES ('ff808081741d2bd301741d2d365d0000', 'f', 1, 2.000, '05', 1, '11');
INSERT INTO ingenio.ingenio.stockfabricapdetalle43("id", modificable, orden, valor, indicador_id, stockfabricap_codigo, unidad_id) VALUES ('ff808081741d2bd301741d2d806d0001', 'f', 2, 5.000, '03', 1, '11');
INSERT INTO ingenio.ingenio.stockfabricapdetalle43("id", modificable, orden, valor, indicador_id, stockfabricap_codigo, unidad_id) VALUES ('ff808081741d2bd301741d31156d0005', 'f', 6, null, '43', 1, null);
INSERT INTO ingenio.ingenio.stockfabricapdetalle43("id", modificable, orden, valor, indicador_id, stockfabricap_codigo, unidad_id) VALUES ('ff808081741d2bd301741d2de4fa0003', 'f', 4, 96.000, '15', 1, null);
INSERT INTO ingenio.ingenio.stockfabricapdetalle43("id", modificable, orden, valor, indicador_id, stockfabricap_codigo, unidad_id) VALUES ('ff808081741d2bd301741d2e02ee0004', 'f', 5, 50.490, '16', 1, '05');
INSERT INTO ingenio.ingenio.stockfabricapdetalle44("id", modificable, orden, valor, indicador_id, stockfabricap_codigo, unidad_id) VALUES ('ff8080817430679f017430692ea80003', 'f', 4, null, '11', 1, '02');
INSERT INTO ingenio.ingenio.stockfabricapdetalle44("id", modificable, orden, valor, indicador_id, stockfabricap_codigo, unidad_id) VALUES ('ff8080817430679f0174306893850000', 'f', 1, 1.040, '02', 1, '11');
INSERT INTO ingenio.ingenio.stockfabricapdetalle44("id", modificable, orden, valor, indicador_id, stockfabricap_codigo, unidad_id) VALUES ('ff8080817430679f01743068ac660001', 'f', 2, 1.740, '03', 1, '11');
INSERT INTO ingenio.ingenio.stockfabricapdetalle44("id", modificable, orden, valor, indicador_id, stockfabricap_codigo, unidad_id) VALUES ('ff8080817430679f01743068cbd00002', 'f', 3, 4.500, '04', 1, '11');
INSERT INTO ingenio.ingenio.stockfabricapdetalle44("id", modificable, orden, valor, indicador_id, stockfabricap_codigo, unidad_id) VALUES ('ff8080817430679f0174306caac30005', 'f', 6, null, '10', 1, '02');
INSERT INTO ingenio.ingenio.stockfabricapdetalle44("id", modificable, orden, valor, indicador_id, stockfabricap_codigo, unidad_id) VALUES ('ff808081743076580174311820ae0160', 'f', 7, null, '12', 1, '02');
INSERT INTO ingenio.ingenio.stockfabricapdetalle44("id", modificable, orden, valor, indicador_id, stockfabricap_codigo, unidad_id) VALUES ('ff80808174307658017431183bdf0161', 'f', 8, null, '15', 1, null);
INSERT INTO ingenio.ingenio.stockfabricapdetalle44("id", modificable, orden, valor, indicador_id, stockfabricap_codigo, unidad_id) VALUES ('ff80808174307658017431186c4a0162', 'f', 9, null, '16', 1, '05');
INSERT INTO ingenio.ingenio.stockfabricapdetalle44("id", modificable, orden, valor, indicador_id, stockfabricap_codigo, unidad_id) VALUES ('ff808081743076580174311b09070163', 'f', 10, null, '44', 1, null);
INSERT INTO ingenio.ingenio.stockfabricapdetalle44("id", modificable, orden, valor, indicador_id, stockfabricap_codigo, unidad_id) VALUES ('ff808081743076580174311c12450165', 'f', 12, null, '01', 1, '07');
INSERT INTO ingenio.ingenio.stockfabricapdetalle44("id", modificable, orden, valor, indicador_id, stockfabricap_codigo, unidad_id) VALUES ('ff808081743076580174311bbb5a0164', 't', 11, null, '21', 1, null);
INSERT INTO ingenio.ingenio.stockfabricapdetalle44("id", modificable, orden, valor, indicador_id, stockfabricap_codigo, unidad_id) VALUES ('ff8080817430679f0174306b22630004', 'f', 5, 0.820, '17', 1, '11');
INSERT INTO ingenio.ingenio.stockfabricapdetalle45("id", modificable, orden, valor, indicador_id, stockfabricap_codigo, unidad_id) VALUES ('ff8080817430679f017430692ea80003', 'f', 4, null, '11', 1, '02');
INSERT INTO ingenio.ingenio.stockfabricapdetalle45("id", modificable, orden, valor, indicador_id, stockfabricap_codigo, unidad_id) VALUES ('ff8080817430679f0174306caac30005', 'f', 6, null, '10', 1, '02');
INSERT INTO ingenio.ingenio.stockfabricapdetalle45("id", modificable, orden, valor, indicador_id, stockfabricap_codigo, unidad_id) VALUES ('ff808081743076580174311820ae0160', 'f', 7, null, '12', 1, '02');
INSERT INTO ingenio.ingenio.stockfabricapdetalle45("id", modificable, orden, valor, indicador_id, stockfabricap_codigo, unidad_id) VALUES ('ff80808174307658017431183bdf0161', 'f', 8, null, '15', 1, null);
INSERT INTO ingenio.ingenio.stockfabricapdetalle45("id", modificable, orden, valor, indicador_id, stockfabricap_codigo, unidad_id) VALUES ('ff80808174307658017431186c4a0162', 'f', 9, null, '16', 1, '05');
INSERT INTO ingenio.ingenio.stockfabricapdetalle45("id", modificable, orden, valor, indicador_id, stockfabricap_codigo, unidad_id) VALUES ('ff808081743076580174311c12450165', 'f', 12, null, '01', 1, '07');
INSERT INTO ingenio.ingenio.stockfabricapdetalle45("id", modificable, orden, valor, indicador_id, stockfabricap_codigo, unidad_id) VALUES ('ff808081743076580174311bbb5a0164', 't', 11, null, '21', 1, null);
INSERT INTO ingenio.ingenio.stockfabricapdetalle45("id", modificable, orden, valor, indicador_id, stockfabricap_codigo, unidad_id) VALUES ('ff8080817430679f0174306893850000', 'f', 1, 1.200, '02', 1, '11');
INSERT INTO ingenio.ingenio.stockfabricapdetalle45("id", modificable, orden, valor, indicador_id, stockfabricap_codigo, unidad_id) VALUES ('ff8080817430679f01743068ac660001', 'f', 2, 2.050, '03', 1, '11');
INSERT INTO ingenio.ingenio.stockfabricapdetalle45("id", modificable, orden, valor, indicador_id, stockfabricap_codigo, unidad_id) VALUES ('ff8080817430679f01743068cbd00002', 'f', 3, 7.100, '04', 1, '11');
INSERT INTO ingenio.ingenio.stockfabricapdetalle45("id", modificable, orden, valor, indicador_id, stockfabricap_codigo, unidad_id) VALUES ('ff8080817430679f0174306b22630004', 'f', 5, 1.100, '17', 1, '11');
INSERT INTO ingenio.ingenio.stockfabricapdetalle45("id", modificable, orden, valor, indicador_id, stockfabricap_codigo, unidad_id) VALUES ('ff808081743076580174311b09070163', 'f', 10, null, '45', 1, null);
INSERT INTO ingenio.ingenio.stockfabricapdetalle46("id", modificable, orden, valor, indicador_id, stockfabricap_codigo, unidad_id) VALUES ('ff8080817430679f017430692ea80003', 'f', 4, null, '11', 1, '02');
INSERT INTO ingenio.ingenio.stockfabricapdetalle46("id", modificable, orden, valor, indicador_id, stockfabricap_codigo, unidad_id) VALUES ('ff8080817430679f0174306caac30005', 'f', 6, null, '10', 1, '02');
INSERT INTO ingenio.ingenio.stockfabricapdetalle46("id", modificable, orden, valor, indicador_id, stockfabricap_codigo, unidad_id) VALUES ('ff808081743076580174311820ae0160', 'f', 7, null, '12', 1, '02');
INSERT INTO ingenio.ingenio.stockfabricapdetalle46("id", modificable, orden, valor, indicador_id, stockfabricap_codigo, unidad_id) VALUES ('ff80808174307658017431183bdf0161', 'f', 8, null, '15', 1, null);
INSERT INTO ingenio.ingenio.stockfabricapdetalle46("id", modificable, orden, valor, indicador_id, stockfabricap_codigo, unidad_id) VALUES ('ff80808174307658017431186c4a0162', 'f', 9, null, '16', 1, '05');
INSERT INTO ingenio.ingenio.stockfabricapdetalle46("id", modificable, orden, valor, indicador_id, stockfabricap_codigo, unidad_id) VALUES ('ff808081743076580174311c12450165', 'f', 12, null, '01', 1, '07');
INSERT INTO ingenio.ingenio.stockfabricapdetalle46("id", modificable, orden, valor, indicador_id, stockfabricap_codigo, unidad_id) VALUES ('ff808081743076580174311bbb5a0164', 't', 11, null, '21', 1, null);
INSERT INTO ingenio.ingenio.stockfabricapdetalle46("id", modificable, orden, valor, indicador_id, stockfabricap_codigo, unidad_id) VALUES ('ff8080817430679f0174306893850000', 'f', 1, 1.200, '02', 1, '11');
INSERT INTO ingenio.ingenio.stockfabricapdetalle46("id", modificable, orden, valor, indicador_id, stockfabricap_codigo, unidad_id) VALUES ('ff8080817430679f01743068ac660001', 'f', 2, 2.050, '03', 1, '11');
INSERT INTO ingenio.ingenio.stockfabricapdetalle46("id", modificable, orden, valor, indicador_id, stockfabricap_codigo, unidad_id) VALUES ('ff8080817430679f01743068cbd00002', 'f', 3, 7.100, '04', 1, '11');
INSERT INTO ingenio.ingenio.stockfabricapdetalle46("id", modificable, orden, valor, indicador_id, stockfabricap_codigo, unidad_id) VALUES ('ff8080817430679f0174306b22630004', 'f', 5, 1.100, '17', 1, '11');
INSERT INTO ingenio.ingenio.stockfabricapdetalle46("id", modificable, orden, valor, indicador_id, stockfabricap_codigo, unidad_id) VALUES ('ff808081743076580174311b09070163', 'f', 10, null, '46', 1, null);
INSERT INTO ingenio.ingenio.stockfabricapdetalle47("id", modificable, orden, valor, indicador_id, stockfabricap_codigo, unidad_id) VALUES ('ff8080817430679f017430692ea80003', 'f', 4, null, '11', 1, '02');
INSERT INTO ingenio.ingenio.stockfabricapdetalle47("id", modificable, orden, valor, indicador_id, stockfabricap_codigo, unidad_id) VALUES ('ff8080817430679f0174306caac30005', 'f', 6, null, '10', 1, '02');
INSERT INTO ingenio.ingenio.stockfabricapdetalle47("id", modificable, orden, valor, indicador_id, stockfabricap_codigo, unidad_id) VALUES ('ff808081743076580174311820ae0160', 'f', 7, null, '12', 1, '02');
INSERT INTO ingenio.ingenio.stockfabricapdetalle47("id", modificable, orden, valor, indicador_id, stockfabricap_codigo, unidad_id) VALUES ('ff80808174307658017431183bdf0161', 'f', 8, null, '15', 1, null);
INSERT INTO ingenio.ingenio.stockfabricapdetalle47("id", modificable, orden, valor, indicador_id, stockfabricap_codigo, unidad_id) VALUES ('ff80808174307658017431186c4a0162', 'f', 9, null, '16', 1, '05');
INSERT INTO ingenio.ingenio.stockfabricapdetalle47("id", modificable, orden, valor, indicador_id, stockfabricap_codigo, unidad_id) VALUES ('ff808081743076580174311c12450165', 'f', 12, null, '01', 1, '07');
INSERT INTO ingenio.ingenio.stockfabricapdetalle47("id", modificable, orden, valor, indicador_id, stockfabricap_codigo, unidad_id) VALUES ('ff808081743076580174311bbb5a0164', 't', 11, null, '21', 1, null);
INSERT INTO ingenio.ingenio.stockfabricapdetalle47("id", modificable, orden, valor, indicador_id, stockfabricap_codigo, unidad_id) VALUES ('ff8080817430679f0174306893850000', 'f', 1, 1.200, '02', 1, '11');
INSERT INTO ingenio.ingenio.stockfabricapdetalle47("id", modificable, orden, valor, indicador_id, stockfabricap_codigo, unidad_id) VALUES ('ff8080817430679f01743068ac660001', 'f', 2, 2.050, '03', 1, '11');
INSERT INTO ingenio.ingenio.stockfabricapdetalle47("id", modificable, orden, valor, indicador_id, stockfabricap_codigo, unidad_id) VALUES ('ff8080817430679f01743068cbd00002', 'f', 3, 7.100, '04', 1, '11');
INSERT INTO ingenio.ingenio.stockfabricapdetalle47("id", modificable, orden, valor, indicador_id, stockfabricap_codigo, unidad_id) VALUES ('ff8080817430679f0174306b22630004', 'f', 5, 1.100, '17', 1, '11');
INSERT INTO ingenio.ingenio.stockfabricapdetalle47("id", modificable, orden, valor, indicador_id, stockfabricap_codigo, unidad_id) VALUES ('ff808081743076580174311b09070163', 'f', 10, null, '47', 1, null);
INSERT INTO ingenio.ingenio.stockfabricapdetalle48("id", modificable, orden, valor, indicador_id, stockfabricap_codigo, unidad_id) VALUES ('ff8080817430679f017430692ea80003', 'f', 4, null, '11', 1, '02');
INSERT INTO ingenio.ingenio.stockfabricapdetalle48("id", modificable, orden, valor, indicador_id, stockfabricap_codigo, unidad_id) VALUES ('ff8080817430679f0174306caac30005', 'f', 6, null, '10', 1, '02');
INSERT INTO ingenio.ingenio.stockfabricapdetalle48("id", modificable, orden, valor, indicador_id, stockfabricap_codigo, unidad_id) VALUES ('ff808081743076580174311820ae0160', 'f', 7, null, '12', 1, '02');
INSERT INTO ingenio.ingenio.stockfabricapdetalle48("id", modificable, orden, valor, indicador_id, stockfabricap_codigo, unidad_id) VALUES ('ff80808174307658017431183bdf0161', 'f', 8, null, '15', 1, null);
INSERT INTO ingenio.ingenio.stockfabricapdetalle48("id", modificable, orden, valor, indicador_id, stockfabricap_codigo, unidad_id) VALUES ('ff80808174307658017431186c4a0162', 'f', 9, null, '16', 1, '05');
INSERT INTO ingenio.ingenio.stockfabricapdetalle48("id", modificable, orden, valor, indicador_id, stockfabricap_codigo, unidad_id) VALUES ('ff808081743076580174311c12450165', 'f', 12, null, '01', 1, '07');
INSERT INTO ingenio.ingenio.stockfabricapdetalle48("id", modificable, orden, valor, indicador_id, stockfabricap_codigo, unidad_id) VALUES ('ff808081743076580174311bbb5a0164', 't', 11, null, '21', 1, null);
INSERT INTO ingenio.ingenio.stockfabricapdetalle48("id", modificable, orden, valor, indicador_id, stockfabricap_codigo, unidad_id) VALUES ('ff8080817430679f0174306893850000', 'f', 1, 1.200, '02', 1, '11');
INSERT INTO ingenio.ingenio.stockfabricapdetalle48("id", modificable, orden, valor, indicador_id, stockfabricap_codigo, unidad_id) VALUES ('ff8080817430679f01743068ac660001', 'f', 2, 2.050, '03', 1, '11');
INSERT INTO ingenio.ingenio.stockfabricapdetalle48("id", modificable, orden, valor, indicador_id, stockfabricap_codigo, unidad_id) VALUES ('ff8080817430679f01743068cbd00002', 'f', 3, 7.100, '04', 1, '11');
INSERT INTO ingenio.ingenio.stockfabricapdetalle48("id", modificable, orden, valor, indicador_id, stockfabricap_codigo, unidad_id) VALUES ('ff8080817430679f0174306b22630004', 'f', 5, 1.100, '17', 1, '11');
INSERT INTO ingenio.ingenio.stockfabricapdetalle48("id", modificable, orden, valor, indicador_id, stockfabricap_codigo, unidad_id) VALUES ('ff808081743076580174311b09070163', 'f', 10, null, '47', 1, null);
INSERT INTO ingenio.ingenio.stockfabricapdetalle49("id", modificable, orden, valor, indicador_id, stockfabricap_codigo, unidad_id) VALUES ('ff8080817430679f017430692ea80003', 'f', 4, null, '11', 1, '02');
INSERT INTO ingenio.ingenio.stockfabricapdetalle49("id", modificable, orden, valor, indicador_id, stockfabricap_codigo, unidad_id) VALUES ('ff8080817430679f0174306caac30005', 'f', 6, null, '10', 1, '02');
INSERT INTO ingenio.ingenio.stockfabricapdetalle49("id", modificable, orden, valor, indicador_id, stockfabricap_codigo, unidad_id) VALUES ('ff808081743076580174311820ae0160', 'f', 7, null, '12', 1, '02');
INSERT INTO ingenio.ingenio.stockfabricapdetalle49("id", modificable, orden, valor, indicador_id, stockfabricap_codigo, unidad_id) VALUES ('ff80808174307658017431183bdf0161', 'f', 8, null, '15', 1, null);
INSERT INTO ingenio.ingenio.stockfabricapdetalle49("id", modificable, orden, valor, indicador_id, stockfabricap_codigo, unidad_id) VALUES ('ff80808174307658017431186c4a0162', 'f', 9, null, '16', 1, '05');
INSERT INTO ingenio.ingenio.stockfabricapdetalle49("id", modificable, orden, valor, indicador_id, stockfabricap_codigo, unidad_id) VALUES ('ff808081743076580174311c12450165', 'f', 12, null, '01', 1, '07');
INSERT INTO ingenio.ingenio.stockfabricapdetalle49("id", modificable, orden, valor, indicador_id, stockfabricap_codigo, unidad_id) VALUES ('ff808081743076580174311bbb5a0164', 't', 11, null, '21', 1, null);
INSERT INTO ingenio.ingenio.stockfabricapdetalle49("id", modificable, orden, valor, indicador_id, stockfabricap_codigo, unidad_id) VALUES ('ff8080817430679f0174306893850000', 'f', 1, 1.200, '02', 1, '11');
INSERT INTO ingenio.ingenio.stockfabricapdetalle49("id", modificable, orden, valor, indicador_id, stockfabricap_codigo, unidad_id) VALUES ('ff8080817430679f01743068ac660001', 'f', 2, 2.050, '03', 1, '11');
INSERT INTO ingenio.ingenio.stockfabricapdetalle49("id", modificable, orden, valor, indicador_id, stockfabricap_codigo, unidad_id) VALUES ('ff8080817430679f01743068cbd00002', 'f', 3, 7.100, '04', 1, '11');
INSERT INTO ingenio.ingenio.stockfabricapdetalle49("id", modificable, orden, valor, indicador_id, stockfabricap_codigo, unidad_id) VALUES ('ff8080817430679f0174306b22630004', 'f', 5, 1.100, '17', 1, '11');
INSERT INTO ingenio.ingenio.stockfabricapdetalle49("id", modificable, orden, valor, indicador_id, stockfabricap_codigo, unidad_id) VALUES ('ff808081743076580174311b09070163', 'f', 10, null, '48', 1, null);
INSERT INTO ingenio.ingenio.stockfabricapdetalle5("id", modificable, orden, valor, indicador_id, stockfabricap_codigo, unidad_id) VALUES ('ff808081740fbde501740fbf05d40000', 'f', 1, null, '14', 1, '02');
INSERT INTO ingenio.ingenio.stockfabricapdetalle5("id", modificable, orden, valor, indicador_id, stockfabricap_codigo, unidad_id) VALUES ('ff808081740fbde501740fbf1f760001', 'f', 2, null, '15', 1, null);
INSERT INTO ingenio.ingenio.stockfabricapdetalle5("id", modificable, orden, valor, indicador_id, stockfabricap_codigo, unidad_id) VALUES ('ff808081740fbde501740fbf58eb0002', 'f', 3, null, '16', 1, '05');
INSERT INTO ingenio.ingenio.stockfabricapdetalle5("id", modificable, orden, valor, indicador_id, stockfabricap_codigo, unidad_id) VALUES ('ff808081740fbde501740fc1da7b0003', 'f', 4, null, '28', 1, null);
INSERT INTO ingenio.ingenio.stockfabricapdetalle5("id", modificable, orden, valor, indicador_id, stockfabricap_codigo, unidad_id) VALUES ('ff808081740fbde501740fc1fb3d0004', 't', 5, null, '21', 1, null);
INSERT INTO ingenio.ingenio.stockfabricapdetalle5("id", modificable, orden, valor, indicador_id, stockfabricap_codigo, unidad_id) VALUES ('ff808081740fbde501740fc230a20005', 'f', 6, null, '01', 1, '07');
INSERT INTO ingenio.ingenio.stockfabricapdetalle50("id", modificable, orden, valor, indicador_id, stockfabricap_codigo, unidad_id) VALUES ('ff8080817430679f017430692ea80003', 'f', 4, null, '11', 1, '02');
INSERT INTO ingenio.ingenio.stockfabricapdetalle50("id", modificable, orden, valor, indicador_id, stockfabricap_codigo, unidad_id) VALUES ('ff8080817430679f0174306caac30005', 'f', 6, null, '10', 1, '02');
INSERT INTO ingenio.ingenio.stockfabricapdetalle50("id", modificable, orden, valor, indicador_id, stockfabricap_codigo, unidad_id) VALUES ('ff808081743076580174311820ae0160', 'f', 7, null, '12', 1, '02');
INSERT INTO ingenio.ingenio.stockfabricapdetalle50("id", modificable, orden, valor, indicador_id, stockfabricap_codigo, unidad_id) VALUES ('ff80808174307658017431183bdf0161', 'f', 8, null, '15', 1, null);
INSERT INTO ingenio.ingenio.stockfabricapdetalle50("id", modificable, orden, valor, indicador_id, stockfabricap_codigo, unidad_id) VALUES ('ff80808174307658017431186c4a0162', 'f', 9, null, '16', 1, '05');
INSERT INTO ingenio.ingenio.stockfabricapdetalle50("id", modificable, orden, valor, indicador_id, stockfabricap_codigo, unidad_id) VALUES ('ff808081743076580174311c12450165', 'f', 12, null, '01', 1, '07');
INSERT INTO ingenio.ingenio.stockfabricapdetalle50("id", modificable, orden, valor, indicador_id, stockfabricap_codigo, unidad_id) VALUES ('ff808081743076580174311bbb5a0164', 't', 11, null, '21', 1, null);
INSERT INTO ingenio.ingenio.stockfabricapdetalle50("id", modificable, orden, valor, indicador_id, stockfabricap_codigo, unidad_id) VALUES ('ff8080817430679f0174306893850000', 'f', 1, 1.200, '02', 1, '11');
INSERT INTO ingenio.ingenio.stockfabricapdetalle50("id", modificable, orden, valor, indicador_id, stockfabricap_codigo, unidad_id) VALUES ('ff8080817430679f01743068ac660001', 'f', 2, 2.050, '03', 1, '11');
INSERT INTO ingenio.ingenio.stockfabricapdetalle50("id", modificable, orden, valor, indicador_id, stockfabricap_codigo, unidad_id) VALUES ('ff8080817430679f01743068cbd00002', 'f', 3, 7.100, '04', 1, '11');
INSERT INTO ingenio.ingenio.stockfabricapdetalle50("id", modificable, orden, valor, indicador_id, stockfabricap_codigo, unidad_id) VALUES ('ff8080817430679f0174306b22630004', 'f', 5, 1.100, '17', 1, '11');
INSERT INTO ingenio.ingenio.stockfabricapdetalle50("id", modificable, orden, valor, indicador_id, stockfabricap_codigo, unidad_id) VALUES ('ff808081743076580174311b09070163', 'f', 10, null, '48', 1, null);
INSERT INTO ingenio.ingenio.stockfabricapdetalle51("id", modificable, orden, valor, indicador_id, stockfabricap_codigo, unidad_id) VALUES ('ff808081740fbde501740fbf05d40000', 'f', 1, null, '14', 1, '02');
INSERT INTO ingenio.ingenio.stockfabricapdetalle51("id", modificable, orden, valor, indicador_id, stockfabricap_codigo, unidad_id) VALUES ('ff808081740fbde501740fbf1f760001', 'f', 2, null, '15', 1, null);
INSERT INTO ingenio.ingenio.stockfabricapdetalle51("id", modificable, orden, valor, indicador_id, stockfabricap_codigo, unidad_id) VALUES ('ff808081740fbde501740fbf58eb0002', 'f', 3, null, '16', 1, '05');
INSERT INTO ingenio.ingenio.stockfabricapdetalle51("id", modificable, orden, valor, indicador_id, stockfabricap_codigo, unidad_id) VALUES ('ff808081740fbde501740fc1fb3d0004', 't', 5, null, '21', 1, null);
INSERT INTO ingenio.ingenio.stockfabricapdetalle51("id", modificable, orden, valor, indicador_id, stockfabricap_codigo, unidad_id) VALUES ('ff808081740fbde501740fc230a20005', 'f', 6, null, '01', 1, '07');
INSERT INTO ingenio.ingenio.stockfabricapdetalle51("id", modificable, orden, valor, indicador_id, stockfabricap_codigo, unidad_id) VALUES ('ff808081740fbde501740fc1da7b0003', 'f', 4, null, '30', 1, null);
INSERT INTO ingenio.ingenio.stockfabricapdetalle52("id", modificable, orden, valor, indicador_id, stockfabricap_codigo, unidad_id) VALUES ('ff808081740fbde501740fbf05d40000', 'f', 1, null, '14', 1, '02');
INSERT INTO ingenio.ingenio.stockfabricapdetalle52("id", modificable, orden, valor, indicador_id, stockfabricap_codigo, unidad_id) VALUES ('ff808081740fbde501740fbf1f760001', 'f', 2, null, '15', 1, null);
INSERT INTO ingenio.ingenio.stockfabricapdetalle52("id", modificable, orden, valor, indicador_id, stockfabricap_codigo, unidad_id) VALUES ('ff808081740fbde501740fbf58eb0002', 'f', 3, null, '16', 1, '05');
INSERT INTO ingenio.ingenio.stockfabricapdetalle52("id", modificable, orden, valor, indicador_id, stockfabricap_codigo, unidad_id) VALUES ('ff808081740fbde501740fc1fb3d0004', 't', 5, null, '21', 1, null);
INSERT INTO ingenio.ingenio.stockfabricapdetalle52("id", modificable, orden, valor, indicador_id, stockfabricap_codigo, unidad_id) VALUES ('ff808081740fbde501740fc230a20005', 'f', 6, null, '01', 1, '07');
INSERT INTO ingenio.ingenio.stockfabricapdetalle52("id", modificable, orden, valor, indicador_id, stockfabricap_codigo, unidad_id) VALUES ('ff808081740fbde501740fc1da7b0003', 'f', 4, null, '30', 1, null);
INSERT INTO ingenio.ingenio.stockfabricapdetalle53("id", modificable, orden, valor, indicador_id, stockfabricap_codigo, unidad_id) VALUES ('ff808081740fbde501740fbf05d40000', 'f', 1, null, '14', 1, '02');
INSERT INTO ingenio.ingenio.stockfabricapdetalle53("id", modificable, orden, valor, indicador_id, stockfabricap_codigo, unidad_id) VALUES ('ff808081740fbde501740fbf1f760001', 'f', 2, null, '15', 1, null);
INSERT INTO ingenio.ingenio.stockfabricapdetalle53("id", modificable, orden, valor, indicador_id, stockfabricap_codigo, unidad_id) VALUES ('ff808081740fbde501740fbf58eb0002', 'f', 3, null, '16', 1, '05');
INSERT INTO ingenio.ingenio.stockfabricapdetalle53("id", modificable, orden, valor, indicador_id, stockfabricap_codigo, unidad_id) VALUES ('ff808081740fbde501740fc1fb3d0004', 't', 5, null, '21', 1, null);
INSERT INTO ingenio.ingenio.stockfabricapdetalle53("id", modificable, orden, valor, indicador_id, stockfabricap_codigo, unidad_id) VALUES ('ff808081740fbde501740fc230a20005', 'f', 6, null, '01', 1, '07');
INSERT INTO ingenio.ingenio.stockfabricapdetalle53("id", modificable, orden, valor, indicador_id, stockfabricap_codigo, unidad_id) VALUES ('ff808081740fbde501740fc1da7b0003', 'f', 4, null, '30', 1, null);
INSERT INTO ingenio.ingenio.stockfabricapdetalle54("id", modificable, orden, valor, indicador_id, stockfabricap_codigo, unidad_id) VALUES ('ff808081740fbde501740fbf05d40000', 'f', 1, null, '14', 1, '02');
INSERT INTO ingenio.ingenio.stockfabricapdetalle54("id", modificable, orden, valor, indicador_id, stockfabricap_codigo, unidad_id) VALUES ('ff808081740fbde501740fbf1f760001', 'f', 2, null, '15', 1, null);
INSERT INTO ingenio.ingenio.stockfabricapdetalle54("id", modificable, orden, valor, indicador_id, stockfabricap_codigo, unidad_id) VALUES ('ff808081740fbde501740fbf58eb0002', 'f', 3, null, '16', 1, '05');
INSERT INTO ingenio.ingenio.stockfabricapdetalle54("id", modificable, orden, valor, indicador_id, stockfabricap_codigo, unidad_id) VALUES ('ff808081740fbde501740fc1fb3d0004', 't', 5, null, '21', 1, null);
INSERT INTO ingenio.ingenio.stockfabricapdetalle54("id", modificable, orden, valor, indicador_id, stockfabricap_codigo, unidad_id) VALUES ('ff808081740fbde501740fc230a20005', 'f', 6, null, '01', 1, '07');
INSERT INTO ingenio.ingenio.stockfabricapdetalle54("id", modificable, orden, valor, indicador_id, stockfabricap_codigo, unidad_id) VALUES ('ff808081740fbde501740fc1da7b0003', 'f', 4, null, '30', 1, null);
INSERT INTO ingenio.ingenio.stockfabricapdetalle55("id", modificable, orden, valor, indicador_id, stockfabricap_codigo, unidad_id) VALUES ('ff808081740fbde501740fbf05d40000', 'f', 1, null, '14', 1, '02');
INSERT INTO ingenio.ingenio.stockfabricapdetalle55("id", modificable, orden, valor, indicador_id, stockfabricap_codigo, unidad_id) VALUES ('ff808081740fbde501740fbf1f760001', 'f', 2, null, '15', 1, null);
INSERT INTO ingenio.ingenio.stockfabricapdetalle55("id", modificable, orden, valor, indicador_id, stockfabricap_codigo, unidad_id) VALUES ('ff808081740fbde501740fbf58eb0002', 'f', 3, null, '16', 1, '05');
INSERT INTO ingenio.ingenio.stockfabricapdetalle55("id", modificable, orden, valor, indicador_id, stockfabricap_codigo, unidad_id) VALUES ('ff808081740fbde501740fc1fb3d0004', 't', 5, null, '21', 1, null);
INSERT INTO ingenio.ingenio.stockfabricapdetalle55("id", modificable, orden, valor, indicador_id, stockfabricap_codigo, unidad_id) VALUES ('ff808081740fbde501740fc230a20005', 'f', 6, null, '01', 1, '07');
INSERT INTO ingenio.ingenio.stockfabricapdetalle55("id", modificable, orden, valor, indicador_id, stockfabricap_codigo, unidad_id) VALUES ('ff808081740fbde501740fc1da7b0003', 'f', 4, null, '44', 1, null);
INSERT INTO ingenio.ingenio.stockfabricapdetalle56("id", modificable, orden, valor, indicador_id, stockfabricap_codigo, unidad_id) VALUES ('ff808081740fbde501740fbf05d40000', 'f', 1, null, '14', 1, '02');
INSERT INTO ingenio.ingenio.stockfabricapdetalle56("id", modificable, orden, valor, indicador_id, stockfabricap_codigo, unidad_id) VALUES ('ff808081740fbde501740fbf1f760001', 'f', 2, null, '15', 1, null);
INSERT INTO ingenio.ingenio.stockfabricapdetalle56("id", modificable, orden, valor, indicador_id, stockfabricap_codigo, unidad_id) VALUES ('ff808081740fbde501740fbf58eb0002', 'f', 3, null, '16', 1, '05');
INSERT INTO ingenio.ingenio.stockfabricapdetalle56("id", modificable, orden, valor, indicador_id, stockfabricap_codigo, unidad_id) VALUES ('ff808081740fbde501740fc1fb3d0004', 't', 5, null, '21', 1, null);
INSERT INTO ingenio.ingenio.stockfabricapdetalle56("id", modificable, orden, valor, indicador_id, stockfabricap_codigo, unidad_id) VALUES ('ff808081740fbde501740fc230a20005', 'f', 6, null, '01', 1, '07');
INSERT INTO ingenio.ingenio.stockfabricapdetalle56("id", modificable, orden, valor, indicador_id, stockfabricap_codigo, unidad_id) VALUES ('ff808081740fbde501740fc1da7b0003', 'f', 4, null, '53', 1, null);
INSERT INTO ingenio.ingenio.stockfabricapdetalle57("id", modificable, orden, valor, indicador_id, stockfabricap_codigo, unidad_id) VALUES ('ff808081740fbde501740fbf05d40000', 'f', 1, null, '14', 1, '02');
INSERT INTO ingenio.ingenio.stockfabricapdetalle57("id", modificable, orden, valor, indicador_id, stockfabricap_codigo, unidad_id) VALUES ('ff808081740fbde501740fbf1f760001', 'f', 2, null, '15', 1, null);
INSERT INTO ingenio.ingenio.stockfabricapdetalle57("id", modificable, orden, valor, indicador_id, stockfabricap_codigo, unidad_id) VALUES ('ff808081740fbde501740fbf58eb0002', 'f', 3, null, '16', 1, '05');
INSERT INTO ingenio.ingenio.stockfabricapdetalle57("id", modificable, orden, valor, indicador_id, stockfabricap_codigo, unidad_id) VALUES ('ff808081740fbde501740fc1fb3d0004', 't', 5, null, '21', 1, null);
INSERT INTO ingenio.ingenio.stockfabricapdetalle57("id", modificable, orden, valor, indicador_id, stockfabricap_codigo, unidad_id) VALUES ('ff808081740fbde501740fc230a20005', 'f', 6, null, '01', 1, '07');
INSERT INTO ingenio.ingenio.stockfabricapdetalle57("id", modificable, orden, valor, indicador_id, stockfabricap_codigo, unidad_id) VALUES ('ff808081740fbde501740fc1da7b0003', 'f', 4, null, '54', 1, null);
INSERT INTO ingenio.ingenio.stockfabricapdetalle58("id", modificable, orden, valor, indicador_id, stockfabricap_codigo, unidad_id) VALUES ('ff808081740fbde501740fbf05d40000', 'f', 1, null, '14', 1, '02');
INSERT INTO ingenio.ingenio.stockfabricapdetalle58("id", modificable, orden, valor, indicador_id, stockfabricap_codigo, unidad_id) VALUES ('ff808081740fbde501740fc1fb3d0004', 't', 5, null, '21', 1, null);
INSERT INTO ingenio.ingenio.stockfabricapdetalle58("id", modificable, orden, valor, indicador_id, stockfabricap_codigo, unidad_id) VALUES ('ff808081740fbde501740fc230a20005', 'f', 6, null, '01', 1, '07');
INSERT INTO ingenio.ingenio.stockfabricapdetalle58("id", modificable, orden, valor, indicador_id, stockfabricap_codigo, unidad_id) VALUES ('ff808081740fbde501740fc1da7b0003', 'f', 4, null, '55', 1, null);
INSERT INTO ingenio.ingenio.stockfabricapdetalle58("id", modificable, orden, valor, indicador_id, stockfabricap_codigo, unidad_id) VALUES ('ff808081740fbde501740fbf1f760001', 'f', 2, 73.440, '15', 1, null);
INSERT INTO ingenio.ingenio.stockfabricapdetalle58("id", modificable, orden, valor, indicador_id, stockfabricap_codigo, unidad_id) VALUES ('ff808081740fbde501740fbf58eb0002', 'f', 3, 71.440, '16', 1, '05');
INSERT INTO ingenio.ingenio.stockfabricapdetalle59("id", modificable, orden, valor, indicador_id, stockfabricap_codigo, unidad_id) VALUES ('ff808081740fbde501740fbf05d40000', 'f', 1, null, '14', 1, '02');
INSERT INTO ingenio.ingenio.stockfabricapdetalle59("id", modificable, orden, valor, indicador_id, stockfabricap_codigo, unidad_id) VALUES ('ff808081740fbde501740fbf1f760001', 'f', 2, null, '15', 1, null);
INSERT INTO ingenio.ingenio.stockfabricapdetalle59("id", modificable, orden, valor, indicador_id, stockfabricap_codigo, unidad_id) VALUES ('ff808081740fbde501740fbf58eb0002', 'f', 3, null, '16', 1, '05');
INSERT INTO ingenio.ingenio.stockfabricapdetalle59("id", modificable, orden, valor, indicador_id, stockfabricap_codigo, unidad_id) VALUES ('ff808081740fbde501740fc1fb3d0004', 't', 5, null, '21', 1, null);
INSERT INTO ingenio.ingenio.stockfabricapdetalle59("id", modificable, orden, valor, indicador_id, stockfabricap_codigo, unidad_id) VALUES ('ff808081740fbde501740fc230a20005', 'f', 6, null, '01', 1, '07');
INSERT INTO ingenio.ingenio.stockfabricapdetalle59("id", modificable, orden, valor, indicador_id, stockfabricap_codigo, unidad_id) VALUES ('ff808081740fbde501740fc1da7b0003', 'f', 4, null, '49', 1, null);
INSERT INTO ingenio.ingenio.stockfabricapdetalle6("id", modificable, orden, valor, indicador_id, stockfabricap_codigo, unidad_id) VALUES ('ff8080817411bbd2017411bd4cab0000', 'f', 1, 2.500, '05', 1, '11');
INSERT INTO ingenio.ingenio.stockfabricapdetalle6("id", modificable, orden, valor, indicador_id, stockfabricap_codigo, unidad_id) VALUES ('ff8080817411cf53017411d0c0b00001', 'f', 3, null, '09', 1, '02');
INSERT INTO ingenio.ingenio.stockfabricapdetalle6("id", modificable, orden, valor, indicador_id, stockfabricap_codigo, unidad_id) VALUES ('ff8080817411cf53017411d593110002', 'f', 4, 0.200, '06', 1, '11');
INSERT INTO ingenio.ingenio.stockfabricapdetalle6("id", modificable, orden, valor, indicador_id, stockfabricap_codigo, unidad_id) VALUES ('ff8080817411cf53017411d60cb20003', 'f', 5, 0.250, '04', 1, '11');
INSERT INTO ingenio.ingenio.stockfabricapdetalle6("id", modificable, orden, valor, indicador_id, stockfabricap_codigo, unidad_id) VALUES ('ff8080817411cf53017411d670650004', 'f', 6, null, '10', 1, '02');
INSERT INTO ingenio.ingenio.stockfabricapdetalle6("id", modificable, orden, valor, indicador_id, stockfabricap_codigo, unidad_id) VALUES ('ff8080817411cf53017411d6b18f0005', 'f', 7, null, '14', 1, '02');
INSERT INTO ingenio.ingenio.stockfabricapdetalle6("id", modificable, orden, valor, indicador_id, stockfabricap_codigo, unidad_id) VALUES ('ff8080817411cf53017411d760a90006', 'f', 8, null, '15', 1, null);
INSERT INTO ingenio.ingenio.stockfabricapdetalle6("id", modificable, orden, valor, indicador_id, stockfabricap_codigo, unidad_id) VALUES ('ff8080817411cf53017411d782f20007', 'f', 9, null, '16', 1, '05');
INSERT INTO ingenio.ingenio.stockfabricapdetalle6("id", modificable, orden, valor, indicador_id, stockfabricap_codigo, unidad_id) VALUES ('ff8080817411cf53017411df00530008', 'f', 10, null, '26', 1, null);
INSERT INTO ingenio.ingenio.stockfabricapdetalle6("id", modificable, orden, valor, indicador_id, stockfabricap_codigo, unidad_id) VALUES ('ff8080817411cf53017411df8f9d0009', 't', 11, null, '21', 1, null);
INSERT INTO ingenio.ingenio.stockfabricapdetalle6("id", modificable, orden, valor, indicador_id, stockfabricap_codigo, unidad_id) VALUES ('ff8080817411cf53017411dfcc73000a', 'f', 12, null, '01', 1, '07');
INSERT INTO ingenio.ingenio.stockfabricapdetalle6("id", modificable, orden, valor, indicador_id, stockfabricap_codigo, unidad_id) VALUES ('ff8080817411cf53017411d089600000', 'f', 2, 4.250, '02', 1, '11');
INSERT INTO ingenio.ingenio.stockfabricapdetalle60("id", modificable, orden, valor, indicador_id, stockfabricap_codigo, unidad_id) VALUES ('ff808081740fbde501740fbf05d40000', 'f', 1, null, '14', 1, '02');
INSERT INTO ingenio.ingenio.stockfabricapdetalle60("id", modificable, orden, valor, indicador_id, stockfabricap_codigo, unidad_id) VALUES ('ff808081740fbde501740fbf1f760001', 'f', 2, null, '15', 1, null);
INSERT INTO ingenio.ingenio.stockfabricapdetalle60("id", modificable, orden, valor, indicador_id, stockfabricap_codigo, unidad_id) VALUES ('ff808081740fbde501740fbf58eb0002', 'f', 3, null, '16', 1, '05');
INSERT INTO ingenio.ingenio.stockfabricapdetalle60("id", modificable, orden, valor, indicador_id, stockfabricap_codigo, unidad_id) VALUES ('ff808081740fbde501740fc1fb3d0004', 't', 5, null, '21', 1, null);
INSERT INTO ingenio.ingenio.stockfabricapdetalle60("id", modificable, orden, valor, indicador_id, stockfabricap_codigo, unidad_id) VALUES ('ff808081740fbde501740fc230a20005', 'f', 6, null, '01', 1, '07');
INSERT INTO ingenio.ingenio.stockfabricapdetalle60("id", modificable, orden, valor, indicador_id, stockfabricap_codigo, unidad_id) VALUES ('ff808081740fbde501740fc1da7b0003', 'f', 4, null, '49', 1, null);
INSERT INTO ingenio.ingenio.stockfabricapdetalle61("id", modificable, orden, valor, indicador_id, stockfabricap_codigo, unidad_id) VALUES ('ff808081740fbde501740fbf05d40000', 'f', 1, null, '14', 1, '02');
INSERT INTO ingenio.ingenio.stockfabricapdetalle61("id", modificable, orden, valor, indicador_id, stockfabricap_codigo, unidad_id) VALUES ('ff808081740fbde501740fbf1f760001', 'f', 2, null, '15', 1, null);
INSERT INTO ingenio.ingenio.stockfabricapdetalle61("id", modificable, orden, valor, indicador_id, stockfabricap_codigo, unidad_id) VALUES ('ff808081740fbde501740fbf58eb0002', 'f', 3, null, '16', 1, '05');
INSERT INTO ingenio.ingenio.stockfabricapdetalle61("id", modificable, orden, valor, indicador_id, stockfabricap_codigo, unidad_id) VALUES ('ff808081740fbde501740fc1fb3d0004', 't', 5, null, '21', 1, null);
INSERT INTO ingenio.ingenio.stockfabricapdetalle61("id", modificable, orden, valor, indicador_id, stockfabricap_codigo, unidad_id) VALUES ('ff808081740fbde501740fc230a20005', 'f', 6, null, '01', 1, '07');
INSERT INTO ingenio.ingenio.stockfabricapdetalle61("id", modificable, orden, valor, indicador_id, stockfabricap_codigo, unidad_id) VALUES ('ff808081740fbde501740fc1da7b0003', 'f', 4, null, '40', 1, null);
INSERT INTO ingenio.ingenio.stockfabricapdetalle62("id", modificable, orden, valor, indicador_id, stockfabricap_codigo, unidad_id) VALUES ('ff808081740fbde501740fbf05d40000', 'f', 1, null, '14', 1, '02');
INSERT INTO ingenio.ingenio.stockfabricapdetalle62("id", modificable, orden, valor, indicador_id, stockfabricap_codigo, unidad_id) VALUES ('ff808081740fbde501740fc1fb3d0004', 't', 5, null, '21', 1, null);
INSERT INTO ingenio.ingenio.stockfabricapdetalle62("id", modificable, orden, valor, indicador_id, stockfabricap_codigo, unidad_id) VALUES ('ff808081740fbde501740fc230a20005', 'f', 6, null, '01', 1, '07');
INSERT INTO ingenio.ingenio.stockfabricapdetalle62("id", modificable, orden, valor, indicador_id, stockfabricap_codigo, unidad_id) VALUES ('ff808081740fbde501740fc1da7b0003', 'f', 4, null, '50', 1, null);
INSERT INTO ingenio.ingenio.stockfabricapdetalle62("id", modificable, orden, valor, indicador_id, stockfabricap_codigo, unidad_id) VALUES ('ff808081740fbde501740fbf1f760001', 'f', 2, 86.100, '15', 1, null);
INSERT INTO ingenio.ingenio.stockfabricapdetalle62("id", modificable, orden, valor, indicador_id, stockfabricap_codigo, unidad_id) VALUES ('ff808081740fbde501740fbf58eb0002', 'f', 3, 43.120, '16', 1, '05');
INSERT INTO ingenio.ingenio.stockfabricapdetalle63("id", modificable, orden, valor, indicador_id, stockfabricap_codigo, unidad_id) VALUES ('ff808081740fbde501740fbf05d40000', 'f', 1, null, '14', 1, '02');
INSERT INTO ingenio.ingenio.stockfabricapdetalle63("id", modificable, orden, valor, indicador_id, stockfabricap_codigo, unidad_id) VALUES ('ff808081740fbde501740fc1fb3d0004', 't', 5, null, '21', 1, null);
INSERT INTO ingenio.ingenio.stockfabricapdetalle63("id", modificable, orden, valor, indicador_id, stockfabricap_codigo, unidad_id) VALUES ('ff808081740fbde501740fc230a20005', 'f', 6, null, '01', 1, '07');
INSERT INTO ingenio.ingenio.stockfabricapdetalle63("id", modificable, orden, valor, indicador_id, stockfabricap_codigo, unidad_id) VALUES ('ff808081740fbde501740fbf1f760001', 'f', 2, null, '15', 1, null);
INSERT INTO ingenio.ingenio.stockfabricapdetalle63("id", modificable, orden, valor, indicador_id, stockfabricap_codigo, unidad_id) VALUES ('ff808081740fbde501740fbf58eb0002', 'f', 3, null, '16', 1, '05');
INSERT INTO ingenio.ingenio.stockfabricapdetalle63("id", modificable, orden, valor, indicador_id, stockfabricap_codigo, unidad_id) VALUES ('ff808081740fbde501740fc1da7b0003', 'f', 4, null, '51', 1, null);
INSERT INTO ingenio.ingenio.stockfabricapdetalle64("id", modificable, orden, valor, indicador_id, stockfabricap_codigo, unidad_id) VALUES ('ff808081740fbde501740fbf05d40000', 'f', 1, null, '14', 1, '02');
INSERT INTO ingenio.ingenio.stockfabricapdetalle64("id", modificable, orden, valor, indicador_id, stockfabricap_codigo, unidad_id) VALUES ('ff808081740fbde501740fc1fb3d0004', 't', 5, null, '21', 1, null);
INSERT INTO ingenio.ingenio.stockfabricapdetalle64("id", modificable, orden, valor, indicador_id, stockfabricap_codigo, unidad_id) VALUES ('ff808081740fbde501740fc230a20005', 'f', 6, null, '01', 1, '07');
INSERT INTO ingenio.ingenio.stockfabricapdetalle64("id", modificable, orden, valor, indicador_id, stockfabricap_codigo, unidad_id) VALUES ('ff808081740fbde501740fbf1f760001', 'f', 2, null, '15', 1, null);
INSERT INTO ingenio.ingenio.stockfabricapdetalle64("id", modificable, orden, valor, indicador_id, stockfabricap_codigo, unidad_id) VALUES ('ff808081740fbde501740fbf58eb0002', 'f', 3, null, '16', 1, '05');
INSERT INTO ingenio.ingenio.stockfabricapdetalle64("id", modificable, orden, valor, indicador_id, stockfabricap_codigo, unidad_id) VALUES ('ff808081740fbde501740fc1da7b0003', 'f', 4, null, '51', 1, null);
INSERT INTO ingenio.ingenio.stockfabricapdetalle65("id", modificable, orden, valor, indicador_id, stockfabricap_codigo, unidad_id) VALUES ('ff808081741d2bd301741d2dc0bf0002', 'f', 3, null, '12', 1, '02');
INSERT INTO ingenio.ingenio.stockfabricapdetalle65("id", modificable, orden, valor, indicador_id, stockfabricap_codigo, unidad_id) VALUES ('ff808081741d2bd301741d2de4fa0003', 'f', 4, null, '15', 1, null);
INSERT INTO ingenio.ingenio.stockfabricapdetalle65("id", modificable, orden, valor, indicador_id, stockfabricap_codigo, unidad_id) VALUES ('ff808081741d2bd301741d2e02ee0004', 'f', 5, null, '16', 1, '05');
INSERT INTO ingenio.ingenio.stockfabricapdetalle65("id", modificable, orden, valor, indicador_id, stockfabricap_codigo, unidad_id) VALUES ('ff808081741d2bd301741d313a6a0006', 't', 7, null, '21', 1, null);
INSERT INTO ingenio.ingenio.stockfabricapdetalle65("id", modificable, orden, valor, indicador_id, stockfabricap_codigo, unidad_id) VALUES ('ff808081741d9c3401741da138a50000', 'f', 8, null, '01', 1, '07');
INSERT INTO ingenio.ingenio.stockfabricapdetalle65("id", modificable, orden, valor, indicador_id, stockfabricap_codigo, unidad_id) VALUES ('ff808081741d2bd301741d2d365d0000', 'f', 1, 3.600, '05', 1, '11');
INSERT INTO ingenio.ingenio.stockfabricapdetalle65("id", modificable, orden, valor, indicador_id, stockfabricap_codigo, unidad_id) VALUES ('ff808081741d2bd301741d2d806d0001', 'f', 2, 10.023, '03', 1, '11');
INSERT INTO ingenio.ingenio.stockfabricapdetalle65("id", modificable, orden, valor, indicador_id, stockfabricap_codigo, unidad_id) VALUES ('ff808081741d2bd301741d31156d0005', 'f', 6, null, '52', 1, null);
INSERT INTO ingenio.ingenio.stockfabricapdetalle66("id", modificable, orden, valor, indicador_id, stockfabricap_codigo, unidad_id) VALUES ('ff808081740fbde501740fbf05d40000', 'f', 1, null, '12', 1, '01');
INSERT INTO ingenio.ingenio.stockfabricapdetalle66("id", modificable, orden, valor, indicador_id, stockfabricap_codigo, unidad_id) VALUES ('ff808081740fbde501740fbf58eb0002', 'f', 2, null, '16', 1, '05');
INSERT INTO ingenio.ingenio.stockfabricapdetalle66("id", modificable, orden, valor, indicador_id, stockfabricap_codigo, unidad_id) VALUES ('ff808081740fbde501740fc1da7b0003', 'f', 3, null, '56', 1, null);
INSERT INTO ingenio.ingenio.stockfabricapdetalle66("id", modificable, orden, valor, indicador_id, stockfabricap_codigo, unidad_id) VALUES ('ff808081740fbde501740fc1fb3d0004', 't', 4, null, '21', 1, null);
INSERT INTO ingenio.ingenio.stockfabricapdetalle66("id", modificable, orden, valor, indicador_id, stockfabricap_codigo, unidad_id) VALUES ('ff808081740fbde501740fc230a20005', 'f', 5, 95.000, '13', 1, '05');
INSERT INTO ingenio.ingenio.stockfabricapdetalle67("id", modificable, orden, valor, indicador_id, stockfabricap_codigo, unidad_id) VALUES ('ff808081740fbde501740fbf05d40000', 'f', 1, null, '12', 1, '01');
INSERT INTO ingenio.ingenio.stockfabricapdetalle67("id", modificable, orden, valor, indicador_id, stockfabricap_codigo, unidad_id) VALUES ('ff808081740fbde501740fbf58eb0002', 'f', 2, null, '16', 1, '05');
INSERT INTO ingenio.ingenio.stockfabricapdetalle67("id", modificable, orden, valor, indicador_id, stockfabricap_codigo, unidad_id) VALUES ('ff808081740fbde501740fc1da7b0003', 'f', 3, null, '56', 1, null);
INSERT INTO ingenio.ingenio.stockfabricapdetalle67("id", modificable, orden, valor, indicador_id, stockfabricap_codigo, unidad_id) VALUES ('ff808081740fbde501740fc1fb3d0004', 't', 4, null, '21', 1, null);
INSERT INTO ingenio.ingenio.stockfabricapdetalle67("id", modificable, orden, valor, indicador_id, stockfabricap_codigo, unidad_id) VALUES ('ff808081740fbde501740fc230a20005', 'f', 5, 95.000, '13', 1, '05');
INSERT INTO ingenio.ingenio.stockfabricapdetalle68("id", modificable, orden, valor, indicador_id, stockfabricap_codigo, unidad_id) VALUES ('ff808081740fbde501740fbf05d40000', 'f', 1, null, '12', 1, '01');
INSERT INTO ingenio.ingenio.stockfabricapdetalle68("id", modificable, orden, valor, indicador_id, stockfabricap_codigo, unidad_id) VALUES ('ff808081740fbde501740fbf58eb0002', 'f', 2, null, '16', 1, '05');
INSERT INTO ingenio.ingenio.stockfabricapdetalle68("id", modificable, orden, valor, indicador_id, stockfabricap_codigo, unidad_id) VALUES ('ff808081740fbde501740fc1da7b0003', 'f', 3, null, '56', 1, null);
INSERT INTO ingenio.ingenio.stockfabricapdetalle68("id", modificable, orden, valor, indicador_id, stockfabricap_codigo, unidad_id) VALUES ('ff808081740fbde501740fc1fb3d0004', 't', 4, null, '21', 1, null);
INSERT INTO ingenio.ingenio.stockfabricapdetalle68("id", modificable, orden, valor, indicador_id, stockfabricap_codigo, unidad_id) VALUES ('ff808081740fbde501740fc230a20005', 'f', 5, 95.000, '13', 1, '05');
INSERT INTO ingenio.ingenio.stockfabricapdetalle69("id", modificable, orden, valor, indicador_id, stockfabricap_codigo, unidad_id) VALUES ('ff808081740fbde501740fbf1f760001', 'f', 2, null, '15', 1, null);
INSERT INTO ingenio.ingenio.stockfabricapdetalle69("id", modificable, orden, valor, indicador_id, stockfabricap_codigo, unidad_id) VALUES ('ff808081740fbde501740fbf58eb0002', 'f', 3, null, '16', 1, '05');
INSERT INTO ingenio.ingenio.stockfabricapdetalle69("id", modificable, orden, valor, indicador_id, stockfabricap_codigo, unidad_id) VALUES ('ff808081740fbde501740fc1fb3d0004', 't', 5, null, '21', 1, null);
INSERT INTO ingenio.ingenio.stockfabricapdetalle69("id", modificable, orden, valor, indicador_id, stockfabricap_codigo, unidad_id) VALUES ('ff808081740fbde501740fc230a20005', 'f', 6, null, '01', 1, '07');
INSERT INTO ingenio.ingenio.stockfabricapdetalle69("id", modificable, orden, valor, indicador_id, stockfabricap_codigo, unidad_id) VALUES ('ff808081740fbde501740fc1da7b0003', 'f', 4, null, '30', 1, null);
INSERT INTO ingenio.ingenio.stockfabricapdetalle69("id", modificable, orden, valor, indicador_id, stockfabricap_codigo, unidad_id) VALUES ('ff808081740fbde501740fbf05d40000', 'f', 1, null, '14', 1, '02');
INSERT INTO ingenio.ingenio.stockfabricapdetalle7("id", modificable, orden, valor, indicador_id, stockfabricap_codigo, unidad_id) VALUES ('ff8080817411cf53017411fe6134000b', 'f', 1, 1.500, '05', 1, '11');
INSERT INTO ingenio.ingenio.stockfabricapdetalle7("id", modificable, orden, valor, indicador_id, stockfabricap_codigo, unidad_id) VALUES ('ff8080817411cf53017411fed8cf000d', 'f', 3, null, '09', 1, '02');
INSERT INTO ingenio.ingenio.stockfabricapdetalle7("id", modificable, orden, valor, indicador_id, stockfabricap_codigo, unidad_id) VALUES ('ff8080817411cf53017411ff3093000e', 'f', 4, 0.210, '06', 1, '11');
INSERT INTO ingenio.ingenio.stockfabricapdetalle7("id", modificable, orden, valor, indicador_id, stockfabricap_codigo, unidad_id) VALUES ('ff8080817411cf53017411ff66bf000f', 'f', 5, 0.500, '04', 1, '11');
INSERT INTO ingenio.ingenio.stockfabricapdetalle7("id", modificable, orden, valor, indicador_id, stockfabricap_codigo, unidad_id) VALUES ('ff8080817411cf53017412003cb30010', 'f', 6, null, '10', 1, '02');
INSERT INTO ingenio.ingenio.stockfabricapdetalle7("id", modificable, orden, valor, indicador_id, stockfabricap_codigo, unidad_id) VALUES ('ff8080817411cf53017412007e4e0012', 'f', 9, null, '16', 1, '05');
INSERT INTO ingenio.ingenio.stockfabricapdetalle7("id", modificable, orden, valor, indicador_id, stockfabricap_codigo, unidad_id) VALUES ('ff8080817411cf53017412020e840013', 'f', 10, null, '29', 1, null);
INSERT INTO ingenio.ingenio.stockfabricapdetalle7("id", modificable, orden, valor, indicador_id, stockfabricap_codigo, unidad_id) VALUES ('ff8080817411cf53017412023b7f0014', 't', 11, null, '21', 1, null);
INSERT INTO ingenio.ingenio.stockfabricapdetalle7("id", modificable, orden, valor, indicador_id, stockfabricap_codigo, unidad_id) VALUES ('ff8080817411cf5301741202bd230015', 'f', 12, null, '01', 1, '07');
INSERT INTO ingenio.ingenio.stockfabricapdetalle7("id", modificable, orden, valor, indicador_id, stockfabricap_codigo, unidad_id) VALUES ('ff8080817411cf530174120064c70011', 'f', 8, null, '15', 1, null);
INSERT INTO ingenio.ingenio.stockfabricapdetalle7("id", modificable, orden, valor, indicador_id, stockfabricap_codigo, unidad_id) VALUES ('ff8080817411cf53017412064e9f0016', 'f', 7, null, '14', 1, '02');
INSERT INTO ingenio.ingenio.stockfabricapdetalle7("id", modificable, orden, valor, indicador_id, stockfabricap_codigo, unidad_id) VALUES ('ff8080817411cf53017411fea1f1000c', 'f', 2, 1.700, '02', 1, '11');
INSERT INTO ingenio.ingenio.stockfabricapdetalle70("id", modificable, orden, valor, indicador_id, stockfabricap_codigo, unidad_id) VALUES ('ff808081741d2bd301741d2dc0bf0002', 'f', 3, null, '12', 1, '02');
INSERT INTO ingenio.ingenio.stockfabricapdetalle70("id", modificable, orden, valor, indicador_id, stockfabricap_codigo, unidad_id) VALUES ('ff808081741d2bd301741d2de4fa0003', 'f', 4, null, '15', 1, null);
INSERT INTO ingenio.ingenio.stockfabricapdetalle70("id", modificable, orden, valor, indicador_id, stockfabricap_codigo, unidad_id) VALUES ('ff808081741d2bd301741d2e02ee0004', 'f', 5, null, '16', 1, '05');
INSERT INTO ingenio.ingenio.stockfabricapdetalle70("id", modificable, orden, valor, indicador_id, stockfabricap_codigo, unidad_id) VALUES ('ff808081741d2bd301741d31156d0005', 'f', 6, null, '48', 1, null);
INSERT INTO ingenio.ingenio.stockfabricapdetalle70("id", modificable, orden, valor, indicador_id, stockfabricap_codigo, unidad_id) VALUES ('ff808081741d2bd301741d2d365d0000', 'f', 1, 15.000, '05', 1, '11');
INSERT INTO ingenio.ingenio.stockfabricapdetalle70("id", modificable, orden, valor, indicador_id, stockfabricap_codigo, unidad_id) VALUES ('ff808081741d2bd301741d2d806d0001', 't', 2, null, '03', 1, '11');
INSERT INTO ingenio.ingenio.stockfabricapdetalle70("id", modificable, orden, valor, indicador_id, stockfabricap_codigo, unidad_id) VALUES ('ff808081741d9c3401741da138a50000', 'f', 7, null, '01', 1, '07');
INSERT INTO ingenio.ingenio.stockfabricapdetalle70("id", modificable, orden, valor, indicador_id, stockfabricap_codigo, unidad_id) VALUES ('ff80808174379f51017437d93e8a0000', 'f', 8, null, '18', 1, null);
INSERT INTO ingenio.ingenio.stockfabricapdetalle70("id", modificable, orden, valor, indicador_id, stockfabricap_codigo, unidad_id) VALUES ('ff80808174379f51017437d9c26e0001', 'f', 9, null, '19', 1, '02');
INSERT INTO ingenio.ingenio.stockfabricapdetalle71("id", modificable, orden, valor, indicador_id, stockfabricap_codigo, unidad_id) VALUES ('ff808081741d2bd301741d2dc0bf0002', 'f', 3, null, '12', 1, '02');
INSERT INTO ingenio.ingenio.stockfabricapdetalle71("id", modificable, orden, valor, indicador_id, stockfabricap_codigo, unidad_id) VALUES ('ff808081741d2bd301741d2de4fa0003', 'f', 4, null, '15', 1, null);
INSERT INTO ingenio.ingenio.stockfabricapdetalle71("id", modificable, orden, valor, indicador_id, stockfabricap_codigo, unidad_id) VALUES ('ff808081741d2bd301741d2e02ee0004', 'f', 5, null, '16', 1, '05');
INSERT INTO ingenio.ingenio.stockfabricapdetalle71("id", modificable, orden, valor, indicador_id, stockfabricap_codigo, unidad_id) VALUES ('ff808081741d2bd301741d31156d0005', 'f', 6, null, '48', 1, null);
INSERT INTO ingenio.ingenio.stockfabricapdetalle71("id", modificable, orden, valor, indicador_id, stockfabricap_codigo, unidad_id) VALUES ('ff808081741d2bd301741d2d365d0000', 'f', 1, 15.000, '05', 1, '11');
INSERT INTO ingenio.ingenio.stockfabricapdetalle71("id", modificable, orden, valor, indicador_id, stockfabricap_codigo, unidad_id) VALUES ('ff808081741d2bd301741d2d806d0001', 't', 2, null, '03', 1, '11');
INSERT INTO ingenio.ingenio.stockfabricapdetalle71("id", modificable, orden, valor, indicador_id, stockfabricap_codigo, unidad_id) VALUES ('ff808081741d9c3401741da138a50000', 'f', 7, null, '01', 1, '07');
INSERT INTO ingenio.ingenio.stockfabricapdetalle71("id", modificable, orden, valor, indicador_id, stockfabricap_codigo, unidad_id) VALUES ('ff80808174379f51017437d93e8a0000', 'f', 8, null, '18', 1, null);
INSERT INTO ingenio.ingenio.stockfabricapdetalle71("id", modificable, orden, valor, indicador_id, stockfabricap_codigo, unidad_id) VALUES ('ff80808174379f51017437d9c26e0001', 'f', 9, null, '19', 1, '02');
INSERT INTO ingenio.ingenio.stockfabricapdetalle72("id", modificable, orden, valor, indicador_id, stockfabricap_codigo, unidad_id) VALUES ('ff808081744528730174452b6de00000', 'f', 1, null, '57', 1, null);
INSERT INTO ingenio.ingenio.stockfabricapdetalle72("id", modificable, orden, valor, indicador_id, stockfabricap_codigo, unidad_id) VALUES ('ff808081744528730174452bfabe0001', 'f', 2, null, '58', 1, null);
INSERT INTO ingenio.ingenio.stockfabricapdetalle72("id", modificable, orden, valor, indicador_id, stockfabricap_codigo, unidad_id) VALUES ('ff808081744528730174452c9ad70002', 'f', 3, null, '59', 1, null);
INSERT INTO ingenio.ingenio.stockfabricapdetalle72("id", modificable, orden, valor, indicador_id, stockfabricap_codigo, unidad_id) VALUES ('ff808081744528730174452ea3350003', 'f', 4, null, '60', 1, null);
INSERT INTO ingenio.ingenio.stockfabricapdetalle72("id", modificable, orden, valor, indicador_id, stockfabricap_codigo, unidad_id) VALUES ('ff808081744528730174452f3e480004', 'f', 6, null, '62', 1, null);
INSERT INTO ingenio.ingenio.stockfabricapdetalle72("id", modificable, orden, valor, indicador_id, stockfabricap_codigo, unidad_id) VALUES ('ff808081744528730174452fba970005', 'f', 5, null, '61', 1, null);
INSERT INTO ingenio.ingenio.stockfabricapdetalle72("id", modificable, orden, valor, indicador_id, stockfabricap_codigo, unidad_id) VALUES ('ff808081744528730174453088cb0006', 'f', 7, null, '63', 1, null);
INSERT INTO ingenio.ingenio.stockfabricapdetalle72("id", modificable, orden, valor, indicador_id, stockfabricap_codigo, unidad_id) VALUES ('ff8080817445287301744530bd4a0007', 'f', 8, null, '64', 1, null);
INSERT INTO ingenio.ingenio.stockfabricapdetalle72("id", modificable, orden, valor, indicador_id, stockfabricap_codigo, unidad_id) VALUES ('ff80808174452873017445316ee30008', 'f', 9, null, '65', 1, null);
INSERT INTO ingenio.ingenio.stockfabricapdetalle72("id", modificable, orden, valor, indicador_id, stockfabricap_codigo, unidad_id) VALUES ('ff8080817445287301744531a00a0009', 'f', 10, null, '66', 1, null);
INSERT INTO ingenio.ingenio.stockfabricapdetalle72("id", modificable, orden, valor, indicador_id, stockfabricap_codigo, unidad_id) VALUES ('ff8080817445287301744532124d000a', 'f', 11, null, '67', 1, null);
INSERT INTO ingenio.ingenio.stockfabricapdetalle72("id", modificable, orden, valor, indicador_id, stockfabricap_codigo, unidad_id) VALUES ('ff8080817445287301744532959a000b', 'f', 12, null, '68', 1, null);
INSERT INTO ingenio.ingenio.stockfabricapdetalle72("id", modificable, orden, valor, indicador_id, stockfabricap_codigo, unidad_id) VALUES ('ff8080817445287301744532dd3d000c', 'f', 13, null, '69', 1, null);
INSERT INTO ingenio.ingenio.stockfabricapdetalle72("id", modificable, orden, valor, indicador_id, stockfabricap_codigo, unidad_id) VALUES ('ff808081744528730174453356c6000d', 'f', 14, null, '70', 1, null);
INSERT INTO ingenio.ingenio.stockfabricapdetalle72("id", modificable, orden, valor, indicador_id, stockfabricap_codigo, unidad_id) VALUES ('ff8080817445287301744533a60d000e', 'f', 15, null, '71', 1, null);
INSERT INTO ingenio.ingenio.stockfabricapdetalle72("id", modificable, orden, valor, indicador_id, stockfabricap_codigo, unidad_id) VALUES ('ff8080817445287301744533c4cc000f', 'f', 16, null, '72', 1, null);
INSERT INTO ingenio.ingenio.stockfabricapdetalle73("id", modificable, orden, valor, indicador_id, stockfabricap_codigo, unidad_id) VALUES ('ff80808174452873017445409efb0011', 'f', 2, null, '88', 1, null);
INSERT INTO ingenio.ingenio.stockfabricapdetalle73("id", modificable, orden, valor, indicador_id, stockfabricap_codigo, unidad_id) VALUES ('ff808081744528730174454112000012', 'f', 3, null, '89', 1, null);
INSERT INTO ingenio.ingenio.stockfabricapdetalle73("id", modificable, orden, valor, indicador_id, stockfabricap_codigo, unidad_id) VALUES ('ff80808174452873017445406e0c0010', 't', 1, null, '87', 1, null);
INSERT INTO ingenio.ingenio.stockfabricapdetalle73("id", modificable, orden, valor, indicador_id, stockfabricap_codigo, unidad_id) VALUES ('ff8080817445287301744543d56b0020', 'f', 18, null, '86', 1, null);
INSERT INTO ingenio.ingenio.stockfabricapdetalle73("id", modificable, orden, valor, indicador_id, stockfabricap_codigo, unidad_id) VALUES ('ff8080817445287301744543bd4b001f', 'f', 17, null, '85', 1, null);
INSERT INTO ingenio.ingenio.stockfabricapdetalle73("id", modificable, orden, valor, indicador_id, stockfabricap_codigo, unidad_id) VALUES ('ff808081744528730174454396f3001e', 'f', 16, null, '84', 1, null);
INSERT INTO ingenio.ingenio.stockfabricapdetalle73("id", modificable, orden, valor, indicador_id, stockfabricap_codigo, unidad_id) VALUES ('ff80808174452873017445437159001d', 'f', 15, null, '83', 1, null);
INSERT INTO ingenio.ingenio.stockfabricapdetalle73("id", modificable, orden, valor, indicador_id, stockfabricap_codigo, unidad_id) VALUES ('ff8080817445287301744543442e001c', 'f', 14, null, '82', 1, null);
INSERT INTO ingenio.ingenio.stockfabricapdetalle73("id", modificable, orden, valor, indicador_id, stockfabricap_codigo, unidad_id) VALUES ('ff8080817445287301744543148e001b', 'f', 13, null, '81', 1, null);
INSERT INTO ingenio.ingenio.stockfabricapdetalle73("id", modificable, orden, valor, indicador_id, stockfabricap_codigo, unidad_id) VALUES ('ff80808174452873017445430150001a', 'f', 12, null, '80', 1, null);
INSERT INTO ingenio.ingenio.stockfabricapdetalle73("id", modificable, orden, valor, indicador_id, stockfabricap_codigo, unidad_id) VALUES ('ff8080817445287301744542b4ab0019', 'f', 11, null, '79', 1, null);
INSERT INTO ingenio.ingenio.stockfabricapdetalle73("id", modificable, orden, valor, indicador_id, stockfabricap_codigo, unidad_id) VALUES ('ff80808174452873017445428b100018', 'f', 10, null, '78', 1, null);
INSERT INTO ingenio.ingenio.stockfabricapdetalle73("id", modificable, orden, valor, indicador_id, stockfabricap_codigo, unidad_id) VALUES ('ff80808174452873017445426be40017', 'f', 9, null, '77', 1, null);
INSERT INTO ingenio.ingenio.stockfabricapdetalle73("id", modificable, orden, valor, indicador_id, stockfabricap_codigo, unidad_id) VALUES ('ff808081744528730174454244200016', 'f', 8, null, '76', 1, null);
INSERT INTO ingenio.ingenio.stockfabricapdetalle73("id", modificable, orden, valor, indicador_id, stockfabricap_codigo, unidad_id) VALUES ('ff8080817445287301744542136a0015', 'f', 7, null, '75', 1, null);
INSERT INTO ingenio.ingenio.stockfabricapdetalle73("id", modificable, orden, valor, indicador_id, stockfabricap_codigo, unidad_id) VALUES ('ff8080817445287301744541e3f10014', 'f', 6, null, '74', 1, null);
INSERT INTO ingenio.ingenio.stockfabricapdetalle73("id", modificable, orden, valor, indicador_id, stockfabricap_codigo, unidad_id) VALUES ('ff8080817445287301744541562b0013', 't', 5, null, '73', 1, null);
INSERT INTO ingenio.ingenio.stockfabricapdetalle73("id", modificable, orden, valor, indicador_id, stockfabricap_codigo, unidad_id) VALUES ('ff80808174db6bf40174db77ad860000', 'f', 4, null, '90', 1, null);
INSERT INTO ingenio.ingenio.stockfabricapdetalle8("id", modificable, orden, valor, indicador_id, stockfabricap_codigo, unidad_id) VALUES ('ff808081741d2bd301741d2d806d0001', 'f', 2, 5.060, '03', 1, '11');
INSERT INTO ingenio.ingenio.stockfabricapdetalle8("id", modificable, orden, valor, indicador_id, stockfabricap_codigo, unidad_id) VALUES ('ff808081741d2bd301741d2dc0bf0002', 'f', 3, null, '12', 1, '02');
INSERT INTO ingenio.ingenio.stockfabricapdetalle8("id", modificable, orden, valor, indicador_id, stockfabricap_codigo, unidad_id) VALUES ('ff808081741d2bd301741d2de4fa0003', 'f', 4, null, '15', 1, null);
INSERT INTO ingenio.ingenio.stockfabricapdetalle8("id", modificable, orden, valor, indicador_id, stockfabricap_codigo, unidad_id) VALUES ('ff808081741d2bd301741d2e02ee0004', 'f', 5, null, '16', 1, '05');
INSERT INTO ingenio.ingenio.stockfabricapdetalle8("id", modificable, orden, valor, indicador_id, stockfabricap_codigo, unidad_id) VALUES ('ff808081741d2bd301741d31156d0005', 'f', 6, null, '30', 1, null);
INSERT INTO ingenio.ingenio.stockfabricapdetalle8("id", modificable, orden, valor, indicador_id, stockfabricap_codigo, unidad_id) VALUES ('ff808081741d2bd301741d313a6a0006', 't', 7, null, '21', 1, null);
INSERT INTO ingenio.ingenio.stockfabricapdetalle8("id", modificable, orden, valor, indicador_id, stockfabricap_codigo, unidad_id) VALUES ('ff808081741d2bd301741d2d365d0000', 'f', 1, 1.400, '05', 1, '11');
INSERT INTO ingenio.ingenio.stockfabricapdetalle8("id", modificable, orden, valor, indicador_id, stockfabricap_codigo, unidad_id) VALUES ('ff808081741d9c3401741da138a50000', 'f', 8, null, '01', 1, '07');
INSERT INTO ingenio.ingenio.stockfabricapdetalle9("id", modificable, orden, valor, indicador_id, stockfabricap_codigo, unidad_id) VALUES ('ff808081741d2bd301741d2d806d0001', 'f', 2, 5.060, '03', 1, '11');
INSERT INTO ingenio.ingenio.stockfabricapdetalle9("id", modificable, orden, valor, indicador_id, stockfabricap_codigo, unidad_id) VALUES ('ff808081741d2bd301741d2dc0bf0002', 'f', 3, null, '12', 1, '02');
INSERT INTO ingenio.ingenio.stockfabricapdetalle9("id", modificable, orden, valor, indicador_id, stockfabricap_codigo, unidad_id) VALUES ('ff808081741d2bd301741d2de4fa0003', 'f', 4, null, '15', 1, null);
INSERT INTO ingenio.ingenio.stockfabricapdetalle9("id", modificable, orden, valor, indicador_id, stockfabricap_codigo, unidad_id) VALUES ('ff808081741d2bd301741d2e02ee0004', 'f', 5, null, '16', 1, '05');
INSERT INTO ingenio.ingenio.stockfabricapdetalle9("id", modificable, orden, valor, indicador_id, stockfabricap_codigo, unidad_id) VALUES ('ff808081741d2bd301741d31156d0005', 'f', 6, null, '30', 1, null);
INSERT INTO ingenio.ingenio.stockfabricapdetalle9("id", modificable, orden, valor, indicador_id, stockfabricap_codigo, unidad_id) VALUES ('ff808081741d2bd301741d313a6a0006', 't', 7, null, '21', 1, null);
INSERT INTO ingenio.ingenio.stockfabricapdetalle9("id", modificable, orden, valor, indicador_id, stockfabricap_codigo, unidad_id) VALUES ('ff808081741d2bd301741d2d365d0000', 'f', 1, 1.200, '05', 1, '11');
INSERT INTO ingenio.ingenio.stockfabricapdetalle9("id", modificable, orden, valor, indicador_id, stockfabricap_codigo, unidad_id) VALUES ('ff808081741d9c3401741da16c6b0001', 'f', 8, null, '01', 1, '07');
INSERT INTO ingenio.ingenio.stockprocesop(codigo, descripcion) VALUES (1, 'STOCK PROCESO PLANTILLA');
INSERT INTO ingenio.ingenio.stockprocesopdetalle("id", orden, material_id, stockprocesop_codigo) VALUES ('ff80808174473765017447388fce0000', 1, '063', 1);
INSERT INTO ingenio.ingenio.stockprocesopdetalle("id", orden, material_id, stockprocesop_codigo) VALUES ('ff8080817447376501744738fffb0001', 2, '064', 1);
INSERT INTO ingenio.ingenio.stockprocesopdetalle("id", orden, material_id, stockprocesop_codigo) VALUES ('ff80808174473765017447396a520004', 5, '067', 1);
INSERT INTO ingenio.ingenio.stockprocesopdetalle("id", orden, material_id, stockprocesop_codigo) VALUES ('ff80808174473765017447398e330005', 6, '068', 1);
INSERT INTO ingenio.ingenio.stockprocesopdetalle("id", orden, material_id, stockprocesop_codigo) VALUES ('ff8080817447376501744739b3720006', 7, '069', 1);
INSERT INTO ingenio.ingenio.stockprocesopdetalle("id", orden, material_id, stockprocesop_codigo) VALUES ('ff808081744737650174473924940002', 3, '065', 1);
INSERT INTO ingenio.ingenio.stockprocesopdetalle("id", orden, material_id, stockprocesop_codigo) VALUES ('ff808081744737650174473947920003', 4, '066', 1);
INSERT INTO ingenio.ingenio.stockprocesopdetalle("id", orden, material_id, stockprocesop_codigo) VALUES ('ff808081744737650174473ae7910007', 8, '070', 1);
INSERT INTO ingenio.ingenio.stockprocesopdetalle("id", orden, material_id, stockprocesop_codigo) VALUES ('ff808081744737650174473b04aa0008', 9, '071', 1);
INSERT INTO ingenio.ingenio.stockprocesopdetalle("id", orden, material_id, stockprocesop_codigo) VALUES ('ff808081744737650174473b192c0009', 10, '072', 1);
INSERT INTO ingenio.ingenio.stockprocesopdetalle("id", orden, material_id, stockprocesop_codigo) VALUES ('ff808081744737650174473b9f02000a', 11, '073', 1);
INSERT INTO ingenio.ingenio.stockprocesopdetalle("id", orden, material_id, stockprocesop_codigo) VALUES ('ff808081744737650174473bc80d000b', 12, '074', 1);
INSERT INTO ingenio.ingenio.stockprocesopdetalle("id", orden, material_id, stockprocesop_codigo) VALUES ('ff808081744737650174473bfa42000c', 13, '076', 1);
INSERT INTO ingenio.ingenio.stockprocesopdetalle("id", orden, material_id, stockprocesop_codigo) VALUES ('ff808081744737650174473c79b1000d', 14, '077', 1);
INSERT INTO ingenio.ingenio.stockprocesopdetalle("id", orden, material_id, stockprocesop_codigo) VALUES ('ff808081744737650174473cecec000e', 15, '078', 1);
INSERT INTO ingenio.ingenio.stockprocesopdetalle("id", orden, material_id, stockprocesop_codigo) VALUES ('ff808081744737650174473d11ce000f', 16, '079', 1);
INSERT INTO ingenio.ingenio.stockprocesopdetalle("id", orden, material_id, stockprocesop_codigo) VALUES ('ff808081744737650174473d3ce40010', 17, '080', 1);
INSERT INTO ingenio.ingenio.stockprocesopdetalle("id", orden, material_id, stockprocesop_codigo) VALUES ('ff808081744737650174473da8130011', 18, '081', 1);
INSERT INTO ingenio.ingenio.stockprocesopdetalle("id", orden, material_id, stockprocesop_codigo) VALUES ('ff808081744737650174473dc0b10012', 19, '082', 1);
INSERT INTO ingenio.ingenio.stockprocesopdetalle("id", orden, material_id, stockprocesop_codigo) VALUES ('ff808081744737650174473e13b40013', 20, '083', 1);
INSERT INTO ingenio.ingenio.stockprocesopdetalle("id", orden, material_id, stockprocesop_codigo) VALUES ('ff808081744737650174473e2d050014', 21, '084', 1);
INSERT INTO ingenio.ingenio.stockprocesopdetalle("id", orden, material_id, stockprocesop_codigo) VALUES ('ff808081744737650174473e582e0015', 22, '085', 1);
INSERT INTO ingenio.ingenio.stockprocesopdetalle("id", orden, material_id, stockprocesop_codigo) VALUES ('ff8080817447376501744741df070016', 23, '086', 1);
INSERT INTO ingenio.ingenio.stockprocesopdetalle("id", orden, material_id, stockprocesop_codigo) VALUES ('ff808081744737650174474201b70017', 24, '087', 1);
INSERT INTO ingenio.ingenio.stockprocesopdetalle("id", orden, material_id, stockprocesop_codigo) VALUES ('ff808081744737650174474247980018', 25, '088', 1);
INSERT INTO ingenio.ingenio.stockprocesopdetalle("id", orden, material_id, stockprocesop_codigo) VALUES ('ff8080817447376501744742713e0019', 26, '089', 1);
INSERT INTO ingenio.ingenio.stockprocesopdetalle("id", orden, material_id, stockprocesop_codigo) VALUES ('ff80808174473765017447506ca6001a', 27, '090', 1);
INSERT INTO ingenio.ingenio.stockprocesopdetalle("id", orden, material_id, stockprocesop_codigo) VALUES ('ff8080817447376501744750aa2e001b', 28, '091', 1);
INSERT INTO ingenio.ingenio.stockprocesopdetalle("id", orden, material_id, stockprocesop_codigo) VALUES ('ff8080817447376501744750d9a8001c', 29, '092', 1);
INSERT INTO ingenio.ingenio.stockprocesopdetalle("id", orden, material_id, stockprocesop_codigo) VALUES ('ff808081744737650174475116c5001d', 30, '093', 1);
INSERT INTO ingenio.ingenio.stockprocesopdetalle("id", orden, material_id, stockprocesop_codigo) VALUES ('ff80808174473765017447513f1f001e', 31, '094', 1);
INSERT INTO ingenio.ingenio.stockprocesopdetalle("id", orden, material_id, stockprocesop_codigo) VALUES ('ff8080817447376501744754f0c3001f', 32, '095', 1);
INSERT INTO ingenio.ingenio.stockprocesopdetalle("id", orden, material_id, stockprocesop_codigo) VALUES ('ff808081744737650174475536550020', 33, '096', 1);
INSERT INTO ingenio.ingenio.stockprocesopdetalle("id", orden, material_id, stockprocesop_codigo) VALUES ('ff80808174473765017447557c670021', 34, '097', 1);
INSERT INTO ingenio.ingenio.stockprocesopdetalle("id", orden, material_id, stockprocesop_codigo) VALUES ('ff80808174473765017447559f820022', 35, '098', 1);
INSERT INTO ingenio.ingenio.stockprocesopdetalle("id", orden, material_id, stockprocesop_codigo) VALUES ('ff808081744737650174476255240023', 36, '099', 1);
INSERT INTO ingenio.ingenio.stockprocesopdetalle("id", orden, material_id, stockprocesop_codigo) VALUES ('ff80808174473765017447628aa40024', 37, '075', 1);
INSERT INTO ingenio.ingenio.stockprocesopdetalle("id", orden, material_id, stockprocesop_codigo) VALUES ('ff8080817447376501744762ca8d0025', 38, '100', 1);
INSERT INTO ingenio.ingenio.stockprocesopdetalle("id", orden, material_id, stockprocesop_codigo) VALUES ('ff808081744737650174476316d70026', 39, '101', 1);
INSERT INTO ingenio.ingenio.stockprocesopdetalle("id", orden, material_id, stockprocesop_codigo) VALUES ('ff8080817447376501744763c65c0027', 40, '102', 1);
INSERT INTO ingenio.ingenio.stockprocesopdetalle("id", orden, material_id, stockprocesop_codigo) VALUES ('ff80808174473765017447652d590028', 41, '103', 1);
INSERT INTO ingenio.ingenio.stockprocesopdetalle("id", orden, material_id, stockprocesop_codigo) VALUES ('ff80808174473765017447655b1f0029', 42, '104', 1);
INSERT INTO ingenio.ingenio.stockprocesopdetalle("id", orden, material_id, stockprocesop_codigo) VALUES ('ff808081744737650174476590f0002a', 43, '105', 1);
INSERT INTO ingenio.ingenio.stockprocesopdetalle("id", orden, material_id, stockprocesop_codigo) VALUES ('ff8080817447376501744765b38f002b', 44, '106', 1);
INSERT INTO ingenio.ingenio.stockprocesopdetalle("id", orden, material_id, stockprocesop_codigo) VALUES ('ff8080817447376501744765eff4002c', 45, '107', 1);
INSERT INTO ingenio.ingenio.stockprocesopdetalle("id", orden, material_id, stockprocesop_codigo) VALUES ('ff80808174473765017447660573002d', 46, '108', 1);
INSERT INTO ingenio.ingenio.stockprocesopdetalle("id", orden, material_id, stockprocesop_codigo) VALUES ('ff8080817447376501744766315e002e', 47, '109', 1);
INSERT INTO ingenio.ingenio.stockprocesopdetalle("id", orden, material_id, stockprocesop_codigo) VALUES ('ff8080817447376501744766533f002f', 48, '110', 1);
INSERT INTO ingenio.ingenio.stockprocesopdetalle("id", orden, material_id, stockprocesop_codigo) VALUES ('ff8080817447376501744766f40b0030', 49, '111', 1);
INSERT INTO ingenio.ingenio.stockprocesopdetalle("id", orden, material_id, stockprocesop_codigo) VALUES ('ff80808174473765017447673a440031', 50, '112', 1);
INSERT INTO ingenio.ingenio.stockprocesopdetalle("id", orden, material_id, stockprocesop_codigo) VALUES ('ff808081744737650174476773990032', 51, '113', 1);
INSERT INTO ingenio.ingenio.stockprocesopdetalle("id", orden, material_id, stockprocesop_codigo) VALUES ('ff8080817447376501744767a9440033', 52, '114', 1);
INSERT INTO ingenio.ingenio.stockprocesopdetalle("id", orden, material_id, stockprocesop_codigo) VALUES ('ff8080817447376501744767def50034', 53, '115', 1);
INSERT INTO ingenio.ingenio.stockprocesopdetalle("id", orden, material_id, stockprocesop_codigo) VALUES ('ff8080817447376501744768253d0035', 54, '116', 1);
INSERT INTO ingenio.ingenio.stockprocesopdetalle("id", orden, material_id, stockprocesop_codigo) VALUES ('ff808081744737650174476974570036', 55, '117', 1);
INSERT INTO ingenio.ingenio.stockprocesopdetalle("id", orden, material_id, stockprocesop_codigo) VALUES ('ff8080817447376501744769b6520037', 56, '118', 1);
INSERT INTO ingenio.ingenio.stockprocesopdetalle("id", orden, material_id, stockprocesop_codigo) VALUES ('ff8080817447376501744769e9320038', 57, '119', 1);
INSERT INTO ingenio.ingenio.stockprocesopdetalle("id", orden, material_id, stockprocesop_codigo) VALUES ('ff808081744737650174476a01b10039', 58, '120', 1);
INSERT INTO ingenio.ingenio.stockprocesopdetalle("id", orden, material_id, stockprocesop_codigo) VALUES ('ff808081744737650174476a1ce7003a', 59, '121', 1);
INSERT INTO ingenio.ingenio.stockprocesopdetalle("id", orden, material_id, stockprocesop_codigo) VALUES ('ff808081744737650174476a3f5f003b', 60, '122', 1);
INSERT INTO ingenio.ingenio.stockprocesopdetalle("id", orden, material_id, stockprocesop_codigo) VALUES ('ff808081744737650174476a5721003c', 61, '123', 1);
INSERT INTO ingenio.ingenio.stockprocesopdetalle("id", orden, material_id, stockprocesop_codigo) VALUES ('ff808081744737650174476a75f6003d', 62, '124', 1);
INSERT INTO ingenio.ingenio.stockprocesopdetalle2("id", orden, material_id, stockprocesop_codigo) VALUES ('ff80808174bc178e0174bc1929400000', 1, '003', 1);
INSERT INTO ingenio.ingenio.stockprocesopdetalle2("id", orden, material_id, stockprocesop_codigo) VALUES ('ff80808174bc178e0174bc1945aa0001', 2, '002', 1);
